"RegionName","State","Metro","CountyName","SizeRank","2010-02","2010-03","2010-04","2010-05","2010-06","2010-07","2010-08","2010-09","2010-10","2010-11","2010-12","2011-01","2011-02","2011-03","2011-04","2011-05","2011-06","2011-07","2011-08","2011-09","2011-10","2011-11","2011-12","2012-01","2012-02","2012-03","2012-04","2012-05","2012-06","2012-07","2012-08","2012-09","2012-10","2012-11","2012-12","2013-01","2013-02","2013-03","2013-04","2013-05","2013-06","2013-07","2013-08","2013-09","2013-10","2013-11","2013-12","2014-01","2014-02","2014-03","2014-04","2014-05","2014-06","2014-07","2014-08","2014-09","2014-10","2014-11","2014-12","2015-01","2015-02","2015-03","2015-04","2015-05","2015-06","2015-07","2015-08","2015-09","2015-10","2015-11","2015-12","2016-01","2016-02","2016-03","2016-04","2016-05","2016-06"
"New York","NY","New York","Queens",1,,,,,,,,,,,,,2500,2700,2750,2795,2800,2900,2995,2975,2995,2700,2595,2400,2600,2550,2600,2695,2734,2750,2800,2800,2895,2895,2950,2900,2950,2900,2900,2905,2849,2700,2800,2890,3000,3150,3183,3200,3195,3175,3150,3195,3200,3100,3100,3100,3100,3050,3095,3100,3100,3110,3150,3195,3200,3200,3200,3200,3200,3150,3150,3150,3100,3100,3100,3100,3000
"Los Angeles","CA","Los Angeles-Long Beach-Anaheim","Los Angeles",2,,,,,,,,,,,,,,,,,,,,,,,,,,,,,,,,,,,,,,,,,,,,,,,,,,,,,,,,2650,2587.5,2600,2600,2650,2650,2700,2850,2800,2800,2895,2895,2900,2950,2850,2900,2950,2950,2950,2925,2800,2895
"Chicago","IL","Chicago","Cook",3,,,,,,,,,,,,,1550,1600,1650,1650,1650,1675,1680,1695,1700,1675,1675,1683.5,1700,1700,1695,1650,1699,1689.5,1701,1700,1725,1699,1655,1650,1699,1650,1650,1640,1641,1650,1644,1688,1785,1750,1769,1750,1775,1793,1800,1829.5,1850,1850,1850,1850,1850,1812,1850,1800,1805,1850,1800,1825,1845,1840,1850,1800,1800,1800,1800,1800,1850,1850,1850,1800,1850
"Houston","TX","Houston","Harris",4,,,,,,,,,,,,,,,,,,,,,,,,,,,,,,,,,,,,,,,,,,,1335,1378,1324.5,1300,1344,1324.5,1317,1317,1300,1320,1300,1320,1330,1324,1322,1324.5,1325,1300,1320,1317,1420,1400,1395,1400,1395,1400,1395,1400,1415,1450,1450,1425,1404,1400,1399.5
"Philadelphia","PA","Philadelphia","Philadelphia",5,1500,1290,1225,1295,1374.5,1374.5,1495,1292.5,1485,1422.5,1445,1295,1300,1400,1500,1500,1432.5,1445,1455,1400,1350,1300,1300,1250,1300,1350,1400,1400,1400,1350,1295,1200,1200,1200,1175,1150,1200,1295,1350,1400,1350,1295,1275,1295,1295,1250,1250,1200,1200,1250,1300,1500,1500,1500,1465,1400,1350,1350,1295,1350,1400,1500,1550,1595,1525,1500,1500,1475,1400,1400,1350,1400,1400,1500,1595,1575,1500
"Phoenix","AZ","Phoenix","Maricopa",6,,972.5,895,895,845,825,900,975,950,950,950,925,900,895,900,900,900,895,895,899,895,875,852.5,850,850,850,825,800,850,850,800,850,850,850,864,850,850,875,895,875,870,850,850,867,900,895,924,925,925,950,950,990,975,975,995,960,975,960,975,995,995,995,1050,1050,1062,1050,1095,1050,1050,1050,1047.5,1095,1099,1099,1075,1000,1047.5
"Las Vegas","NV","Las Vegas","Clark",7,897.5,900,899,900,850,895,900,940,900,850,800,850,850,847.5,850,885,850,850,850,850,850,825,850,850,825,845,800,800,800,800,800,800,800,825,850,850,825,850,850,850,850,900,900,875,850,850,850,850,850,850,850,875,875,875,895,900,900,900,925,935,925,950,950,950,950,950,950,900,925,925,925,925,946,925,950,950,995
"San Antonio","TX","San Antonio","Bexar",8,,,,,,,,,,,,,,,,,,,,,,,,,,,,738,758.5,782,850,853,850,867.5,838,825,857,875,850,846,874,878,880,882,979,925,920,900,900,900,926,979,967.5,995,987,950,937,880,876.5,875,860,891,878.5,875,1002.5,1010,1050,1050,1025,1025,1030,1030,1067.5,1100,995,1000,950
"San Diego","CA","San Diego","San Diego",9,,,,,,,,,,,,,1975,1895,1945,1897.5,1850,1800,1800,1850,1850,1895,1850,1800,1800,1825,1741.5,1695,1750,1740,1700,1775,1795,1795,1800,1790,1775,1790,1790,1790,1795,1750,1700,1950,1999,1950,1995,2000,1995,1995,1988,1995,2050,2060,2097.5,2150,2150,2135,2100,2100,2100,2100,2000,1997.5,2050,2050,2135,2150,2195,2195,2195,2195,2195,2150,2100,2100,2175
"Dallas","TX","Dallas-Fort Worth","Dallas",10,,,,,,,,,,,,,,,,,,,,,,,,,,,,,,,,,,,,,,,,,,,,1250,1350,1383,1385,1300,1295,1267.5,1275,1300,1300,1350,1350,1295,1300,1345,1295,1350,1350,1369,1395,1395,1350,1400,1395,1375,1400,1450,1400,1400,1400,1450,1400,1395,1379
"San Jose","CA","San Jose","Santa Clara",11,,,,,,,,,,,,1600,1695,1795,1900,1900,1875,1997.5,2062.5,1995,1995,1795,1872.5,1895,1800,1875,1650,1600,1650,1695,1650,1700,1750,1795,1795,1850,1850,1897.5,1800,1900,1770,1750,2000,2100,2200,2250,2250,2125,2050,2050,2050,2392.5,2395,2395,2400,2425,2395,2495,2400,2350,2400,2500,2600,2587.5,2650,2700,2700,2750,2700,2700,2747.5,2772.5,2795,2750,2700,2725,2795
"Jacksonville","FL","Jacksonville","Duval",12,,,,,,,,995,950,950,950,950,990,950,950,950,950,950,975,950,906,925,925,925,925,900,900,925,915,950,950,950,950,925,900,925,950,950,950,950,950,950,952,995,1000,999,999,995,1000,1000,995,995,999,1025,1050,1050,1000,1000,1000,1000,1000,1037.5,1025,1000,1000,1000,1000,1025,1050,1095,1025,1050,1050,1050,1050,1025,1050
"San Francisco","CA","San Francisco","San Francisco",13,,,,,,,,,2900,3150,2975,2995,3000,3095,3200,2995,3140,3200,3200,3500,3500,3397.5,3300,3200,3400,3400,3395,3455,3600,3600,3417.5,3500,3450,3485,3600,3600,3695,3695,3500,3800,3695,3400,3300,3450,3950,3900,3800,3850,3800,3800,3825,4000,3900,3995,4000,3995,4197.5,4100,4350,4300,4300,4265,4200,4500,4600,4600,4625,4550,4600,4500,4250,4425,4500,4500,4500,4395,4395
"Indianapolis","IN","Indianapolis","Marion",14,,,,,,,,,,,,1095,1025,1072.5,990,950,945,992.5,990,992.5,962.5,950,950,925,950,850,825,850,895,910,880,800,850,900,800,775,750,775,795,700,699,750,800,900,950,975,995,962.5,980,995,997.5,1000,1000,992.5,995,900,995,850,975,997.5,975,995,1030,1000,1000,1000,975,1000,995,995,995,997.5,1000,1020,1050,1050,1050
"Austin","TX","Austin","Travis",15,,,,,,,,,,,,,,,,,,,,,,,,,,,,,,,,,,,,,,,,,,,,,,1450,1475,1475,1475,1495,1500,1550,1500,1500,1497,1495,1459.5,1450,1462.5,1500,1500,1500,1550,1522,1550,1567.5,1550,1550,1595,1600,1599,1600,1650,1625,1550,1550,1550
"Fort Worth","TX","Dallas-Fort Worth","Tarrant",16,,,,,,,,,,,,,,,,,,,,,,,,,,,,850,725,725,847.5,800,799,850,850,799,795,700,676.5,795,739.5,787.5,850,865,895,885.5,874,850,850,850,850,917.5,900,897.5,850,865,895,950,954,1050,1025,942,942,917.5,876,960,950,960,942,850,875,899,959,984,958,905,933.5
"Columbus","OH","Columbus","Franklin",17,,,,,,,,,,,,,,,,,,947,900,1048.5,1047,1050,995,995,947,1050,1050,985,949,975,1000,1050,995,950,925,925,920,849.5,815,783.5,750,690,730.5,850,995,950,950,950,930,950,995,1097,995,995,980,999,999,975,975,975,1000,1072.5,895,997,1035,1041,1099,1150,1100,1100,1105,1100,1150,1195,1200,1100,1170
"Memphis","TN","Memphis","Shelby",18,,,,,,,,,,,,,,,,,,,,,,,,,,,,,,,,,,,,,,,,,,,,,,,,,,,,,,,,,,,,900,895,950,900,975,1000,1175,1150,1195,1150,1150,1195,1150,1195,1200,1200,1195,1200
"Charlotte","NC","Charlotte","Mecklenburg",19,,985,975,995,995,950,950,950,950,950,945,950,975,962.5,975,1049.5,995,995,995,1000,992.5,950,975,995,995,995,995,1000,1050,1095,1050,995,995,1000,1000,1005.5,1035,1000,1025,1100,1100,1020,1050,1095,1100,1100,1100,1025,1047,1062.5,1050,1150,1150,1150,1150,1100,1175,1175,1195,1200,1200,1200,1225,1200,1200,1200,1250,1250,1200,1250,1200,1250,1250,1295,1295,1250,1250
"El Paso","TX","El Paso","El Paso",20,,,,,,,,,,,,,,,,,,,,,,,,,,,,,,,,,,,,,,,,,,,,,,,,,,,,,,,,,,,,,,,1200,1150,1200,1100,1100,1100,1100,999,975,977.5,977.5,975,980,995,1000
"Boston","MA","Boston","Suffolk",21,,,,,,,,,,2200,2200,2300,2207.5,2200,2000,2000,2100,2200,2300,2450,2500,2400,2364.5,2300,2300,2300,2250,2250,2250,2300,2350,2567,2500,2500,2500,2500,2495,2400,2400,2400,2400,2450,2400,2400,2500,2500,2500,2500,2500,2495,2500,2550,2550,2525,2500,2500,2500,2500,2500,2600,2600,2597,2600,2500,2500,2510,2500,2500,2500,2500,2600,2700,2700,2600,2600,2550,2500
"Seattle","WA","Seattle","King",22,,,,,,,,,,,,,,,,,,,,,,,,,,,,,,,,,,,,,,,,,,,,,,1795,1750,1795,1800,1800,1850,1895,1800,1800,1895,1850,1900,1895,1862.5,1900,1845,1827.5,1950,1950,1950,2000,2150,2000,2000,1995,2050,2000,2000,2000,1995,2162.5,2247.5
"Baltimore","MD","Baltimore","Baltimore City",23,,,,,,,,,,,,,,,,,,,,,,,,,,,,,,,,,,,,,,,,,,,,,,,,,,,,,,,,1600,1600,1600,1600,1550,1500,1625,1650,1700,1667.5,1700,1700,1700,1676.5,1550,1650,1780,1700,1790,1800,1749,1750
"Denver","CO","Denver","Denver",24,,,,,,,,,,,,,,,,,,,,,,,,,,,,,,,,,,,,,,,,,,,,,,,,,,,,,,,,1800,1800,1900,1900,1850,1850,1800,1800,1800,1792.5,1800,1950,1900,1800,1795,1800,1800,1800,1800,1800,1800,1800
"Washington","DC","Washington","District of Columbia",25,2100,1900,1974.5,2000,2125,2400,2290,2135,2197,2150,2292.5,2400,2300.5,2295,2300,2322.5,2345,2400,2380,2347.5,2400,2400,2214,2300,2300,2385,2350,2300,2300,2300,2300,2400,2400,2410,2350,2350,2500,2500,2350,2250,2395,2350,2360,2390,2275,2300,2350,2350,2400,2360,2350,2400,2400,2450,2500,2450,2400,2400,2372.5,2450,2400,2450,2400,2487.5,2450,2450,2497.5,2550,2500,2495,2450,2500,2500,2500,2495,2500,2500
"Nashville","TN","Nashville","Davidson",26,,,,,,,,,,,,,,,,,,,,,,,,,,,,,,,,,,,,,,,,,,,,,,,,,,,,,,,,1500,1495,1450,1495,1495,1500,1495,1500,1500,1495,1550,1595,1550,1500,1595,1550,1550,1599,1550,1525,1550,1600
"Milwaukee","WI","Milwaukee","Milwaukee",27,,,,,,,,,,,,,,,,,,,,,,,,,,,,,,,,,,,,,,,,,,,,,,,,,,,,,,,,1697.5,1651,1700,1560,1450,1495,1590,1795,1700,1600,1750,1662.5,1450,1500,1495,1400,1495,1500,1550,1695,1675,1600
"Tucson","AZ","Tucson","Pima",28,,,1037.5,975,995,962.5,995,950,995,950,1000,918,895,895,875,895,875,850,895,895,895,850,850,850,850,850,850,850,875,895,850,850,850,846,825,825,800,777,780,775,800,775,750,850,850,850,850,825,825,850,850,895,896.5,895,900,870,850,850,850,850,850,850,875,895,895,895,925,895,895,895,900,925,925,950,975,850,892.5
"Portland","OR","Portland","Multnomah",29,,,,,,,,,,,,,,,,,,,,,1500,1550,1499,1395,1395,1395,1350,1380,1295,1295,1250,1295,1347.5,1295,1250,1250,1295,1195,1150,1240,1225,1195,1195,1250,1450,1495,1495,1399.5,1395,1400,1400,1500,1495,1500,1550,1622,1650,1500,1515,1595,1595,1595,1595,1595,1599,1595,1795,1795,1695,1650,1695,1695,1695,1712.5,1695,1750,1795
"Oklahoma City","OK","Oklahoma City","Oklahoma",30,,,,,,,,,,,,,,,,,,,,,,,,,,,,,,,,,,,,,,,,,,,,,,,,,,,,,,,,950,950,825,800,815,925,950,1000,950,950,950,850,872.5,897.5,875,850,880,865,887.5,825,785,886
"Albuquerque","NM","Albuquerque","Bernalillo",31,,,,,,,,,,,,,,,,,,,,,,,,,,,,705,800,720,720,720,705,712.5,715,717.5,697.5,695,718.5,750,709,680,712.5,812.5,925,895,897.5,945,995,995,995,895,937.5,950,950,950,950,975,895,962.5,936,936,925,975,985,950,950,925,925,945,900,950,962.5,1000,962.5,995,1000
"Sacramento","CA","Sacramento","Sacramento",32,,,,,,,,,,,,,,,,,,,,,,,900,925,995,900,900,845,880,895,897,999.5,875,875,815,895,925,900,925,900,850,795,825,850,900,895,925,900,920,950,950,950,962.5,995,995,950,950,950,950,987.5,950,950,895,985,995,995,950,950,995,1050,1025,1025,1044,950,995,962.5,895
"Mesa","AZ","Phoenix","Maricopa",33,,,,,,,,850,762.5,757.5,750,700,725,725,799,795,795,800,795,800,795,775,750,750,750,795,750,750,750,750,775,787.5,750,750,775,795,795,800,800,795,795,795,795,800,850,850,850,850,850,850,850,895,850,875,875,875,875,870,875,895,900,900,950,925,900,900,925,945,950,950,925,950,950,925,925,995,975
"Long Beach","CA","Los Angeles-Long Beach-Anaheim","Los Angeles",34,,,,,,,,,,,,,,,,,,,,,,,,,,,,,,,,,,,,,,,,,,,,,,1545,1650,1650,1695,1650,1595,1595,1545,1550,1750,1700,1700,1715,1750,1685,1695,1550,1695,1697.5,1700,1750,1700,1850,1750,1695,1800,1850,1797.5,1850,1800,1900,1800
"Kansas City","MO","Kansas City","Jackson",35,,,,,,,,,,,,,,,,,,,,,,,,,,,,,,,,,,,,,,,,,,,,,,,,,,,,,,,,,1150,1150,1150,1195,1225,1190,1200,1110,1120,1100,1100,1149,1100,1095,1100,1120,1100,1075,1050,1050,1100
"Virginia Beach","VA","Virginia Beach","Virginia Beach City",36,1150,1150,1195,1200,1200,1195,1195,1195,1250,1200,1200,1200,1200,1250,1250,1250,1250,1250,1250,1245,1200,1200,1200,1200,1200,1200,1245,1225,1250,1250,1221,1200,1225,1230,1232.5,1225,1250,1250,1257.5,1250,1250,1250,1250,1250,1250,1250,1250,1250,1250,1250,1250,1250,1250,1250,1250,1250,1250,1250,1250,1250,1250,1250,1250,1295,1295,1275,1295,1295,1275,1275,1250,1250,1275,1287.5,1300,1300,1300
"Colorado Springs","CO","Colorado Springs","El Paso",37,,,,,,,,,,,,,887.5,897.5,895,850,950,925,912.5,925,895,895,900,900,900,895,895,900,900,895,895,895,895,895,899.5,900,897,845,900,900,895,835,850,895,950,950,950,950,950,950,950,975,975,950,950,975,950,950,955,967.5,975,975,995,975,995,995,995,950,995,960,950,1025,1050,1050,1000,995,1050
"Atlanta","GA","Atlanta","Fulton",38,,,,,,,,,,,,,,,,,,,,,,,,,,,,,,,,,,,,,,,,,,,,,,,,,,,,,,,,,,,,1200,1200,1200,1250,1259.5,1298.5,1252.5,1250,1250,1375,1390,1450,1465,1550,1595,1575,1600,1550
"Miami","FL","Miami-Fort Lauderdale","Miami-Dade",39,,1900,1900,1850,1900,1950,1900,2050,1900,1950,2000,1900,1850,1850,1850,1900,1900,1912.5,1945,1950,2000,2000,2000,2000,2000,2000,2000,2000,2000,2100,2000,2000,2099,2050,2100,2150,2200,2200,2150,2200,2150,2150,2200,2200,2200,2200,2200,2200,2200,2200,2175,2200,2200,2200,2200,2200,2100,2100,2100,2100,2200,2250,2300,2400,2400,2450,2500,2425,2400,2400,2450,2400,2400,2450,2400,2350,2300
"Oakland","CA","San Francisco","Alameda",40,,,,,,,,,,,,,,,,,,,,,,,,,,,,,,,,,,,,,,,,,,,,,,,,,,,,,,,,,2200,2395,2595,2495,2500,2200,2499,2550,2500,2695,2700,2700,2890,2800,2850,2900,2972.5,2850,2900,3000,2997.5
"Honolulu","HI","Urban Honolulu","Honolulu",41,,,,,,,,,,,,,2200,2137.5,1800,1800,1800,1800,1969.5,2100,1800,1800,1950,1912.5,2200,1975,2100,2000,2100,2000,2000,2200,2250,2300,2400,2400,2350,2200,2250,2300,2275,2200,2100,2250,2343.5,2269,2377,2377,2363.5,2200,2187.5,2377,2280,2200,2100,2162.5,2200,2350,2500,2500,2500,2500,2500,2500,2400,2350,2300,2300,2300,2300,2350,2400,2347,2400,2425,2300,2347
"Minneapolis","MN","Minneapolis-St Paul","Hennepin",42,,,,,,,,,,,,1495,1450,1495,1495,1350,1472.5,1450,1462.5,1350,1500,1495,1425,1400,1400,1349,1212.5,1199.5,1295,1295,1295,1450,1462.5,1500,1750,1730,1750,1695,1690,1600,1592.5,1545,1525,1575,1497.5,1550,1550,1495,1450,1450,1450,1495,1495,1495,1495,1495,1500,1500,1600,1595,1550,1495,1499,1582.5,1550,1495,1550,1575,1575,1595,1650,1695,1650,1500,1495,1550,1500
"Baton Rouge","LA","Baton Rouge","East Baton Rouge",43,,,,,,,,,,,,,,,,,,,,,,,,,,,,,,,,,,,,,,,,,,,,,,1000,1050,950,850,865,900,1000,997.5,995,962.5,900,890,900,900,890,900,1050,1122.5,1150,1000,1100,1200,1050,1050,1000,1025,1000,1000,1000,1095,1150,1112.5
"New Orleans","LA","New Orleans","Orleans",44,,,,,,,,,,,,,,,,,,,,,,,,,,,,,,,,,,,,,,,,,,,,,,,,,,,,,,,,,2147.5,1800,1700,1850,1800,1612.5,1725,1800,1800,2000,2200,1925,1800,1850,1950,1950,1925,1950,1850,1900,1650
"Arlington","TX","Dallas-Fort Worth","Tarrant",45,,,,,,,,,,,,,,,,597.5,675,627.5,697,685,700,695,690,675,687.5,775,725,700,712.5,638.5,610,666,690,710,675,650,635,650,650,650,695,725,765,765,739,739,739,775,782,750,782,792,792,850,850.5,795,795,819.5,850,850,850,795,789,807,789,762.5,825,800,794.5,789,850.5,850,825,769.5,850,851,769.5
"Tampa","FL","Tampa","Hillsborough",46,,,,,,,,1312.5,1495,1297.5,1250,1395,1200,1100,1195,1200,1250,1200,1250,1250,1200,1200,1249.5,1195,1150,1142.5,1097,1150,1195,1200,1150,1170,1150,1150,1100,1075,1050,1043.5,1095,1100,1050,1100,1150,1182.5,1298,1275,1295,1295,1300,1300,1300,1280,1250,1250,1295,1300,1250,1300,1350,1350,1350,1362.5,1350,1325,1350,1450,1400,1350,1400,1450,1390,1390,1350,1300,1300,1295,1300
"Anaheim","CA","Los Angeles-Long Beach-Anaheim","Orange",47,,,,,,,,,,,,,,,,,,,,,,,,,,,,,,,,,,,,,,,,,,,,,1850,1900,1850,1850,1850,1850,1850,1799.5,1850,1700,1750,1850,1850,1872,1859.5,1962.5,1950,2000,1997.5,1950,1950,1950,2073,2075,2075,2100,2050,2050,2000,2100,2100,1995,1971
"Aurora","CO","Denver","Arapahoe",48,,,,,,,,,,,,937.5,950,995,950,899,899,910,895,900,900,912.5,895,900,950,930,950,950,900,917,950,950,995,995,995,999,1000,1000,1037.5,1095,1000,997,992.5,995,1050,1050,1050,1050,1050,1050,1050,1150,1195,1199,1195,1195,1150,1150,1150,1125,1150,1200,1250,1200,1250,1295,1300,1295,1295,1300,1295,1350,1395,1350,1350,1297.5,1300
"Saint Louis","MO","St. Louis","Saint Louis City",49,,,,,,,,,,,,,,,,,,,,,,,,,,,,,,,,,,,,,,,,,,,,,,1250,1200,1250,1200,1200,1200,1147.5,1150,1200,1195,1175,1200,1199.5,1200,1200,1200,1195,1200,1195,1195,1200,1200,1200,1162.5,1125,1112.5,1175,1200,1200,1250,1200,1190
"Corpus Christi","TX","Corpus Christi","Nueces",50,,,,,,,,,,,,,,,,,,,,,,,,,,,,,,,,,,,,,,,,,,,,,,,,,,,,,,,,1500,1450,1472.5,1300,1300,1500,1567.5,1500,1475,1500,1297.5,1250,1300,1350,1350,1400,1400,1400,1400,1400,1375,1300
"Pittsburgh","PA","Pittsburgh","Allegheny",51,,,,,,,,,,,,,,,,,,,,,,,,,,,,,,,,,,,,,,,,,,1295,1250,1382.5,1500,1450,1400,1495,1500,1500,1500,1500,1600,1600,1500,1490,1400,1475,1500,1500,1500,1525,1500,1495,1500,1500,1500,1400,1380,1399.5,1500,1500,1500,1500,1500,1500,1500
"Riverside","CA","Riverside","Riverside",52,,,,,,,,,,,,,,,,,,,,,,,1200,1095,1050,1050,995,922.5,995,950,950,1050,1085,1100,1000,1035,1035,1012.5,995,925,950,950,987.5,995,1150,1100,1100,1162.5,1150,1150,1150,1150,1125,1170,1200,1190,1187.5,1150,1150,1226.5,1195,1137.5,1190,1262.5,1195,1250,1200,1250,1262.5,1300,1222.5,1295,1250,1195,1150,1250,1225
"Marietta","GA","Atlanta","Cobb",53,,,,,,,,,,897.5,995,995,962.5,995,962.5,950,975,950,900,895,895,850,897.5,900,895,885,850,900,862.5,850,897,875,899,937.5,900,900,950,1050,1000,1000,995,950,889,925,975,975,995,950,962.5,975,950,927.5,925,925,950,997.5,995,950,985,999.5,995,1040,1100,1050,1100,1100,1050,1097.5,1100,1150,1157.5,1150,1100,1100,1150,1100,1050
"Anchorage","AK","Anchorage","Anchorage",54,,,,,,,,,,,,,,,,,,,,,,,,1625,1550,1492.5,1350,1500,1500,1600,1500,1547.5,1500,1595,1550,1592.5,1650,1600,1650,1400,1392.5,1550,1537.5,1600,1697.5,1650,1500,1590,1550,1512.5,1575,1650,1700,1697.5,1647.5,1692.5,1600,1600,1645,1690,1600,1650,1650,1650,1700,1650,1600,1600,1650,1650,1600,1600,1650,1597.5,1650,1600,1600
"Saint Paul","MN","Minneapolis-St Paul","Ramsey",55,,,,,,,,,,,,,,,,,,,,,,,,,,,,,,,,,,,,,,,,,,,,,,1295,1295,1249,1275,1275,1252.5,1255,1255,1250,1250,1150,1190,1190,1195,1197.5,1200,1200,1212.5,1197.5,1295,1300,1300,1184.5,1150,1189,1175,1150,1182,1099.5,1120.5,1100,1100
"Silver Spring","MD","Washington","Montgomery",56,,,,,,,,1500,1500,1500,1577.5,1577.5,1605,1600,1597.5,1475,1650,1650,1650,1650,1650,1637.5,1640,1526,1596.5,1500,1550,1650,1600,1650,1650,1600,1675,1650,1600,1620,1650,1662.5,1600,1573.5,1590,1600,1600,1600,1700,1695,1700,1745,1700,1700,1722.5,1780,1745,1775,1800,1800,1800,1800,1775,1777.5,1775,1750,1700,1695,1700,1750,1695,1750,1800,1800,1750,1700,1697,1700,1700,1685,1750
"Lexington","KY","Lexington","Fayette",57,,,,,,,,,,,,,,,,,,,,,,,,,,,,,,,,,,895,795,775,725,725,700,725,775,862.5,923,921,850,824.5,795,799.5,850,850,850,850,917.5,980,900,900,850,972.5,995,875,925,925,1075,1100,962.5,1000,999,990,935,937.5,947.5,990,999.5,997,950,1000,997.5
"Tallahassee","FL","Tallahassee","Leon",58,,,,,,,,,,,,,890,890,850,850,850,850,850,850,850,850,850,800,800,800,850,850,850,850,850,800,800,800,800,800,850,850,900,885,875,825,799,827.5,852.5,850,850,862.5,862.5,900,900,900,900,900,895,850,850,892.5,850,850,850,900,900,900,900,900,895,875,865,850,850,895,900,900,900,900,900
"Plano","TX","Dallas-Fort Worth","Collin",59,,,,,,,,,,,,,,1300,1395,1395,1350,1450,1480.5,1450,1395,1400,1405,1255.5,1350,1395,1250,1350,1395,1400,1395,1450,1450,1500,1500,1495,1450,1492.5,1375,1246.5,1450,1350,1318,1329,1500,1495,1600,1500,1600,1597.5,1600,1695,1600,1590,1650,1650,1597.5,1500,1500,1550,1562.5,1550,1550,1550,1595,1625,1600,1662.5,1650,1650,1675,1650,1647.5,1670,1597.5,1600,1750
"Chandler","AZ","Phoenix","Maricopa",60,,,,,,,,,,,995,975,895,900,985,950,950,925,925,912.5,950,927.5,925,950,950,897.5,937.5,940,950,950,950,950,935,925,900,935,975,979,979,918,929,932,925,950,970,950,950,950,950,950,950,990,995,995,962.5,990,995,995,1000,995,995,995,997,1050,1062.5,1077.5,1025,1025,1019,1047.5,1045,1050,1050,1095,1025,1075,1050
"Henderson","NV","Las Vegas","Clark",61,,,,,,,,,,,,,,,,,,,,,,,,,,,,,,,,,,,,,,,,,,,1100,1000,950,950,997.5,995,995,975,975,950,1050,1095,1050,1050,1050,1075,1050,1000,1047,1050,1050,1050,1050,1050,1095,1100,1100,1050,1050,1100,1100,1097.5,1100,1150,1150
"Jersey City","NJ","New York","Hudson",62,,,,,,,,,,,1750,1800,1895,1887.5,1875,1850,1900,1900,1995,2000,2000,2100,2000,1995,1950,1895,1800,2072.5,2200,2045,2000,1950,2000,2000,1900,1900,1850,1850,1850,1900,2000,2002.5,2000,2095,2250,2300,2299.5,2125,2120,2110,2150,2250,2260,2325,2300,2285,2200,2225,2238,2300,2325,2350,2300,2250,2400,2372.5,2400,2400,2400,2300,2200,2300,2300,2200,2350,2300,2300
"Glendale","AZ","Phoenix","Maricopa",63,,,,,,,,,,799.5,752.5,750,750,750,750,725,775,797.5,762.5,750,725,737,700,737.5,750,750,750,750,750,750,750,736,750,775,750,750,750,795,795,775,750,725,750,750,775,772.5,788.5,797,795,797,799.5,875,800,800,797,800,797,800,800,800,813,845,845,888,881.5,842.5,795,799,837.5,895,875,875,888,850,888,850,888
"Durham","NC","Durham","Durham",64,,,,,,,,,,,,,,,,,,,,,,,,,,,,775,880,937,895,880,900,937.5,850,875,900,950,900,950,930,957.5,975,1025,1100,1097.5,1100,1050,1025,1095,1100,1149,1100,1100,1100,1100,1100,1100,1085,1050,1100,1100,1200,1150,1195,1195,1162.5,1125,1100,1100,1100,1125,1200,1200,1197.5,1195,1200
"Orlando","FL","Orlando","Orange",65,,,,,,,,895,910,816,797.5,875,875,900,897,895,899,850,850,850,892.5,875,875,895,875,892.5,895,895,895,925,925,895,895.5,895,900,900,900,900,925,950,950,950,975,975,995,995,975,975,990,980,975,982.5,992.5,995,1000,995,995,1000,1025,1050,1025,1075,1075,1050,1075,1095,1100,1085,1100,1100,1100,1100,1100,1100,1150,1125,1150
"Norfolk","VA","Virginia Beach","Norfolk City",66,,,,,,,,,,,,,,,,,,,,,,,,,,,,,,,,,,,,,,,,,1100,1000,985,1095,1200,1200,1200,1200,1250,1250,1250,1250,1200,1225,1195,1225,1250,1200,1250,1250,1250,1275,1250,1250,1250,1250,1200,1250,1200,1200,1200,1200,1265,1257.5,1225,1200,1250
"Saint Petersburg","FL","Tampa","Pinellas",67,,,,,,,,1450,1400,1350,1350,1200,1200,1200,1200,1200,1200,1075,995,1000,1000,1000,1050,995,984,950,900,950,950,937.5,950,950,968,995,950,895,950,912.5,967,895,845,875,899.5,975,1095,1050,1000,1075,1085,1075,1097,1200,1200,1200,1200,1250,1200,1272.5,1250,1200,1200,1200,1250,1250,1250,1250,1200,1200,1200,1250,1250,1250,1300,1400,1300,1297.5,1250
"Pensacola","FL","Pensacola","Escambia",68,,,,,,,,,,,,,,,,,,,,,,,,,,,,812,750,695,700,785,795,795,807.5,897.5,790,825,800,775,700,737.5,795,850,847.5,755,750,795,850,825,825,795,772.5,795,795,825,875,825,785,795,750,850,850,825,800,795,800,875,875,875,850,850,797.5,837.5,875,895,850
"Greensboro","NC","Greensboro","Guilford",69,,,,,,,,,,,,,850,850,850,812.5,825,850,850,875,862.5,850,850,850,850,800,850,825,805,795,800,800,825,850,837.5,800,800,795,750,750,720,750,775,800,850,875,850,850,850,850,850,895,850,850,865,850,885,895,895,850,812.5,850,850,850,899,850,850,850,850,850,875,875,850,850,850,900,900
"Chula Vista","CA","San Diego","San Diego",70,,,,,,,,,,,,,1900,1900,1825,1925,1945,1900,1750,1750,1795,1850,1900,1797.5,1750,1697.5,1595,1595,1675,1700,1757,1795,1795,1800,1750,1737.5,1725,1750,1750,1750,1750,1750,1725,1772.5,1850,1895,1912.5,1800,1800,1800,1850,1900,1850,1850,1900,1895,1850,1850,1900,1997.5,1962.5,1950,1995,1997.5,1850,1900,1900,2000,1950,1900,1900,2000,1997.5,1925,2000,1995,1900
"Chesapeake","VA","Virginia Beach","Chesapeake City",71,,,,,,,,,,,1150,1195,1250,1250,1237.5,1250,1250,1250,1250,1250,1250,1237.5,1200,1197.5,1195,1195,1195,1250,1250,1250,1250,1240,1200,1200,1195,1195,1200,1200,1250,1250,1250,1250,1250,1250,1250,1200,1200,1200,1200,1195,1200,1250,1295,1250,1250,1250,1250,1250,1250,1295,1295,1250,1275,1295,1287.5,1295,1275,1275,1250,1250,1275,1275,1250,1275,1250,1250,1300
"Hialeah","FL","Miami-Fort Lauderdale","Miami-Dade",72,,,,,,,,,,,,1175,1100,1150,1100,1150,1175,1100,1100,1100,1100,1100,1100,1100,1100,1100,1100,1100,1150,1150,1197,1200,1150,1150,1150,1200,1200,1200,1200,1200,1200,1250,1325,1400,1200,1200,1200,1200,1200,1200,1200,1250,1250,1250,1250,1250,1275,1250,1250,1297.5,1300,1450,1400,1400,1550,1612.5,1800,1625,1550,1550,1450,1400,1400,1500,1500,1450,1450
"Madison","WI","Madison","Dane",73,,,,,,,,,,,,,,,,,,,,,,,,,,,,,,,,,,,1065,1050,1000,975,1050,1000,922.5,900,925,985,1047.5,1050,1200,1250,1075,1097.5,1097.5,1075,1075,1100,1095,1095,1097.5,1072.5,1097.5,1095,1050,1097.5,1020,1050,1097.5,1100,1050,1100,1155,1182.5,1175,1195,1200,1205,1232.5,1145,1010
"Garland","TX","Dallas-Fort Worth","Dallas",74,,,,,,,,,,,,,,,,,,,,,,,,,,750,725,850,800,750,725,725,752,825,825,725,795,750,750,731,800,844.5,839,829,895,875,875,872.5,895,910,900,839,832,825,850,850,875,900,950,950,950,950,950,950,987.5,900,950,1000,1000,950,962.5,975,1025,1024.5,995,1150,1100
"Knoxville","TN","Knoxville","Knox",75,,,,,,,,,,,,,,,,,,,,,,,,,,,,,,,,,,,,,,,,725,700,679,679,750,795,825,837.5,900,900,900,885,895,830,850,975,975,947.5,925,875,740,750,795,860,875,995,985,975,1045,1090,1000,950,975,975,937.5,912.5,1000,995
"North Las Vegas","NV","Las Vegas","Clark",76,,,,,,,,,,,,,,,,,,895,900,850,885,850,850,850,840,800,800,800,800,825,850,800,840,850,850,850,850,900,950,875,895,950,950,900,850,850,875,900,875,875,875,899,850,875,895,895,862.5,900,945,950,912.5,900,949.5,950,950,912.5,900,980,995,995,925,895,947.5,975,995,962.5,975
"Lawrenceville","GA","Atlanta","Gwinnett",77,,,,,,,,,,,,,,,,,1055,1050,1037.5,997.5,995,995,1025,1125,1100,975,900,999,1000,1050,1062.5,1000,1050,972.5,950,1050,1050,1100,1100,1095,1100,1095,1050,1080,1100,1095,1097.5,1095,1100,1100,1100,1150,1100,1100,1169,1150,1162.5,1195,1100,1150,1150,1150,1200,1249.5,1250,1287,1300,1300,1300,1300,1250,1250,1200,1200,1210,1250,1239
"Fremont","CA","San Francisco","Alameda",78,,,,,,,,,,,,,,,,,,,,,,,,,,,,,,,,,,,,,,,,,,,,,,,,,,,,,,,,,,,,,,,,2275,2400,2482.5,2697.5,2595,2400,2550,2300,2472.5,2600,2500,2497.5,2500,2400
"Fayetteville","NC","Fayetteville","Cumberland",79,,,,,,,,,,,,,800,850,850,800,850,800,840,795,795,795,775,775,750,775,797.5,795,775,775,775,750,750,750,750,799,799,825,840,799,799.5,795,795,775,750,750,750,750,750,750,695,695,750,750,725,750,750,750,750,750,730,750,750,760,775,750,750,750,775,750,750,750,750,750,795,795,795
"Arlington","VA","Washington","Arlington",80,,1672.5,1700,1725,1736,1890,2000,2102.5,1950,2100,2100,2100,2060,2049,2150,2175,2150,2200,2200,2024.5,2137.5,2100,2107,2000,2100,2200,2250,2125,2250,2195,2100,2200,2112.5,2157.5,2195,2200,2099,2095,2100,2112.5,2200,2185,2025,2200,2200,2125,2100,2100,2150,2150,2100,2150,2100,2100,2100,2100,2100,2100,2000,2000,2040,2100,2100,2100,2100,2000,2150,2100,2100,2100,2100,2050,2000,2000,2100,2100,2100
"Irving","TX","Dallas-Fort Worth","Dallas",81,,,,,,,,,,,,,,,,,,,,,,,,,,,,,,,,,,,,,,,,,,,,,,,,,,,,,1350,1350,1397.5,1400,1350,1400,1474.5,1500,1450,1450,1400,1425,1547.5,1500,1397.5,1400,1400,1400,1395,1450,1400,1369.5,1400,1387.5,1397.5
"Gilbert","AZ","Phoenix","Maricopa",82,,,,,,,,,,,,,,,,,,,,,,,,,,1050,1050,1072.5,1100,1050,1050,1065,1050,1050,1095,1095,1149,1125,1195,1141.5,1133,1097.5,1050,1087.5,1050,1050,1050,1100,1145,1149,1147,1125,1150,1100,1125,1175,1150,1150,1150,1150,1195,1249,1197.5,1250,1195,1212.5,1200,1200,1197.5,1250,1199.5,1225,1250,1200,1200,1200,1300
"Scottsdale","AZ","Phoenix","Maricopa",83,,,,,,,,,,,,,,,,,,,,,,,,,,,,,,,,,,,,,,,,,,,,,,,,,,,,,,,,,,,,,,2000,2000,1900,1950,1900,1900,1900,1995,2100,2200,2100,2100,2100,2000,1750,1712.5
"Winston-Salem","NC","Winston-Salem","Forsyth",84,,,,,,,,,,,,625,615,622.5,620,650,620,650,737.5,695,675,675,675,647.5,615,600,600,600,662.5,725,775,775,785,795,800,750,750,700,700,725,650,665,700,750,750,767.5,750,750,750,750,750,799,800,795,795,775,785,782.5,772.5,775,750,757,775,772.5,775,770,800,785,775,795,795,785,762.5,800,800,792.5,825
"Irvine","CA","Los Angeles-Long Beach-Anaheim","Orange",85,2100,2100,2150,2100,2150,2200,2200,2200,2200,2200,2200,2250,2195,2200,2200,2300,2300,2300,2300,2395,2400,2350,2262.5,2275,2395,2395,2300,2300,2350,2350,2350,2400,2430,2400,2395,2400,2400,2450,2400,2400,2400,2400,2395,2400,2450,2500,2500,2500,2550,2550,2500,2550,2550,2550,2500,2500,2495,2500,2550,2550,2550,2600,2550,2600,2650,2600,2650,2600,2650,2700,2662.5,2700,2750,2700,2662.5,2650,2800
"Richmond","VA","Richmond","Richmond City",86,,,,,,,,,,,,,,,,,,,,,,,,,,,,,,,,,,,,,,,,,,,,,,,,,,,,,,,,,1250,1195,1195,1195,1195,1295,1200,1200,1270,1325,1422.5,1400,1300,1265,1300,1200,1265,1350,1312.5,1200,1250
"Boca Raton","FL","Miami-Fort Lauderdale","Palm Beach",87,1300,1300,1400,1500,1497.5,1550,1700,1600,1400,1500,1600,1500,1500,1437.5,1450,1500,1600,1600,1600,1550,1500,1500,1475,1450,1450,1450,1400,1440,1495,1500,1500,1600,1600,1500,1500,1500,1500,1500,1500,1500,1500,1500,1500,1600,1600,1650,1650,1650,1609,1600,1600,1649,1600,1650,1700,1699,1650,1675,1650,1600,1700,1700,1750,1725,1700,1775,1800,1800,1800,1762.5,1727.5,1745,1695,1700,1750,1700,1697
"Bradenton","FL","North Port-Sarasota-Bradenton","Manatee",88,,,,,,,,,1400,1300,1300,1200,1150,1150,1200,1200,1150,1100,1000,1100,1000,1000,1000,1000,1100,1125,1150,1125,1100,1200,1200,1200,1200,1250,1250,1200,1200,1200,1200,1200,1285,1300,1350,1295,1375,1400,1425,1470,1400,1399,1400,1400,1495,1500,1500,1550,1550,1597.5,1650,1672.5,1787.5,1500,1500,1500,1500,1500,1600,1650,1700,1800,1800,1750,1600,1550,1600,1550,1400
"Reno","NV","Reno","Washoe",89,,,,,,,,,,,,850,822,795,824,795,750,850,850,762.5,795,750,750,775,762.5,795,812.5,850,850,800,800,775,750,775,775,785,750,750,750,750,750,750,795,800,875,850,837.5,850,900,912.5,900,912.5,862.5,875,850,850,812.5,835,850,875,1000,995,1050,1125,1050,966.5,925,1050,1000,997,1050,962.5,1047.5,1095,995,925,1050
"Oceanside","CA","San Diego","San Diego",90,,,,,,,,,,,,,,,,,,1550,1600,1600,1575,1595,1575,1595,1595,1495,1495,1495,1535,1577,1595,1547.5,1512.5,1437.5,1525,1537.5,1525,1525,1500,1500,1550,1495,1495,1595,1675,1650,1600,1662.5,1585,1600,1650,1700,1695,1720,1695,1750,1675,1749.5,1797,1837.5,1714.5,1714.5,1875,1700,1725,1750,1740,1799.5,1749,1795,1830,1840,1795,1795,1725,1750,1737.5
"Woodbridge","VA","Washington","Prince William",91,,,1575,1550,1600,1700,1712.5,1650,1600,1600,1550,1549.5,1550,1550,1575,1550,1550,1600,1575,1550,1550,1550,1597.5,1650,1600,1550,1650,1695,1682.5,1650,1695,1675,1650,1650,1600,1600,1650,1695,1700,1700,1700,1700,1700,1695,1650,1650,1650,1650,1650,1695,1675,1700,1750,1750,1700,1700,1700,1695,1695,1695,1700,1750,1750,1750,1750,1737,1750,1700,1700,1650,1650,1690,1700,1750,1762.5,1700,1750
"Glendale","CA","Los Angeles-Long Beach-Anaheim","Los Angeles",92,,,,,,,,,,,,,,,,,,,,,,,,1625,1795,1700,1725,1725,1700,1597.5,1637.5,1750,1800,1750,1700,1950,2050,2002.5,1995,1800,1750,1700,1650,1745,1850,1850,1825,1850,1895,1950,1950,1897.5,1950,1950,2150,2300,2100,2125,2175,2250,2050,2147.5,2250,2200,2350,2325,2250,2200,2222.5,2200,2050,2200,2400,2300,2200,2400,2350
"Huntington Beach","CA","Los Angeles-Long Beach-Anaheim","Orange",93,,,,,,,,,2200,2200,2000,2000,1897.5,1925,1997,1997.5,1850,1900,1995,1925,1950,1950,1950,1887.5,1900,1950,1950,1950,2100,1995,2150,2047.5,2200,2050,2197.5,2150,2195,2100,1975,1995,1950,1995,1893,2100,2200,2225,2200,2200,2250,2162.5,2150,2150,2100,2195,2200,2300,2200,2200,2197.5,2195,2100,2200,2172.5,2272.5,2200,2250,2400,2300,2300,2295,2375,2475,2425,2395,2395,2500,2275
"Worcester","MA","Worcester","Worcester",94,,,,,,,,,,,,,,,,,,,,,,,,,975,950,950,1000,1025,1050,1000,1000,1050,1000,1075,1000,999,999,1000,1025,1000,1000,975,1025,1100,1087.5,1100,1100,1100,1097.5,1095,1112.5,1112.5,1200,1200,1200,1200,1162.5,1100,1162.5,1112.5,1112.5,1050,1050,1100,1250,1262.5,1200,1200,1100,1100,1200,1250,1250,1300,1200,1300
"Fort Lauderdale","FL","Miami-Fort Lauderdale","Broward",95,,,,,,,,,,,,,1700,1700,1700,1700,1700,1700,1700,1800,1800,1800,1800,1650,1650,1650,1650,1600,1650,1700,1800,1650,1695,1600,1589,1595,1600,1675,1690,1695,1600,1575,1500,1600,1700,1650,1600,1595,1595,1550,1500,1525,1500,1500,1575,1650,1700,1700,1650,1700,1692.5,1637.5,1600,1600,1600,1600,1600,1682.5,1750,1800,1800,1698,1700,1695,1800,1800,1750
"Aurora","IL","Chicago","Kane",96,,,,,,,,,,,,,,,,,,1300,1300,1250,1250,1212.5,1250,1250,1300,1300,1300,1350,1350,1395,1350,1300,1250,1247.5,1200,1225,1200,1349.5,1345,1350,1400,1350,1395,1449.5,1400,1400,1379,1395,1375,1395,1395,1400,1397.5,1449,1450,1450,1450,1400,1350,1350,1409.5,1400,1400,1450,1414.5,1450,1450,1450,1400,1395,1395,1400,1395,1407.5,1400,1400,1482.5
"Rancho Cucamonga","CA","Riverside","San Bernardino",97,,,,,,,,,,,,,,,,,,,1500,1495,1495,1450,1450,1497.5,1537.5,1537.5,1525,1595,1625,1555,1599.5,1595,1600,1650,1600,1550,1600,1587.5,1550,1600,1600,1600,1600,1600,1600,1600,1700,1700,1700,1687.5,1650,1650,1600,1700,1712.5,1750,1687.5,1750,1675,1712.5,1797.5,1800,1800,1795,1797.5,1797.5,1825,1850,1795,1795,1725,1795,1795,1795,1650,1800,1775
"Newport News","VA","Virginia Beach","Newport News City",98,,,,,,,,,,,,1062.5,1100,1075,1150,1100,1100,995,995,965,950,950,950,987.5,962.5,857,900,975,995,1000,995,1000,947.5,912.5,900,925,900,950,1000,955,1000,975,950,995,995,999.5,1100,1100,1100,1100,1100,1100,1112.5,1137.5,1037.5,1000,1085,1100,1100,1080,1050,1000,1100,1100,1162.5,1150,1100,1100,1050,1050,1000,1085,1085,1150,1200,1250,1150
"Tempe","AZ","Phoenix","Maricopa",99,,,,,,,,1000,1062.5,950,950,950,950,950,977.5,1075,997.5,975,950,950,997.5,977.5,985,995,995,995,1050,1050,1050,1050,995,1000,1050,1050,1085,1095,1100,1135,1080,1100,1080,1100,995,1000,1000,1000,975,975,975,950,949,950,950,995,950,950,965,995,1000,995,995,1095,1150,1129,1195,1195,1200,1150,1100,1100,1150,1137.5,1150,1100,1150,1249,1197.5
"Huntsville","AL","Huntsville","Madison",100,,,,,,,,,,,,,,,,,,,,,,,,,,,,,,,,,,,,,,,,,,,,,,,,795,850,887.5,887.5,850,775,775,762.5,795,850,850,800,795,787.5,750,750,775,795,772.5,795,675,700,800,825,800,800,775,800,750,750
"El Cajon","CA","San Diego","San Diego",101,,,,,,,,,,,,,,,,,,,,,,,,,,,,,,,,,,,,,,,,,,,,,,,,,,,,,,,,,,,,1272.5,1250,1312.5,1300,1225,1250,1250,1372.5,1450,1395,1250,1250,1250,1197.5,1250,1272.5,1349,1250
"Fredericksburg","VA","Washington","Spotsylvania",102,,,,,,,,,,,,,,,,,,,,,,,,,,,,1262,1250,1295,1262,1250,1197.5,1200,1200,1250,1275,1300,1290,1372.5,1425,1372.5,1300,1300,1262.5,1200,1295,1200,1200,1272.5,1272.5,1347.5,1392.5,1450,1450,1375,1350,1375,1350,1325,1350,1350,1400,1400,1400,1400,1437.5,1350,1375,1400,1375,1350,1400,1400,1472.5,1495,1450
"Pembroke Pines","FL","Miami-Fort Lauderdale","Broward",103,,,,,,,,1100,1150,1100,1100,1100,1200,1175,1195,1170,1200,1200,1200,1200,1200,1197.5,1200,1100,1175,1200,1200,1200,1175,1150,1200,1200,1200,1200,1200,1200,1200,1200,1200,1250,1250,1250,1250,1250,1250,1250,1250,1250,1250,1250,1275,1300,1300,1300,1300,1300,1300,1325,1350,1300,1300,1325,1350,1300,1300,1390,1400,1387.5,1350,1400,1400,1400,1400,1400,1400,1400,1400
"Naperville","IL","Chicago","Du Page",104,,,,,,,,,,,,,,,,,,1350,1272.5,1250,1200,1200,1200,1300,1287.5,1290,1300,1297.5,1300,1295,1295,1257.5,1295,1285,1250,1250,1279.5,1295,1295,1275,1250,1250,1250,1360,1400,1350,1350,1350,1395,1395,1400,1400,1430,1450,1450,1450,1462.5,1450,1422.5,1420,1400,1450,1450,1450,1475,1495,1450,1450,1462.5,1450,1450,1450,1450,1450,1450,1450,1495
"Fairfax","VA","Washington","Fairfax",105,,,,,,,,1825,1775,1712.5,1677.5,1737.5,1750,1800,1800,1850,1900,1800,1800,1895,1950,1947.5,1900,1870,1900,1950,2000,1977.5,1890,1897.5,1925,1850,1800,1895,1900,1900,1900,1850,1800,1900,1820,1897.5,1900,1850,1862.5,1847.5,1800,1862.5,1850,1900,1900,1950,1995,2050,2000,1975,1990,1995,1995,1950,1995,1950,1950,1950,2100,2050,2067.5,2100,2000,1950,1995,2000,2000,1990,2000,2037.5,2100
"Santa Clarita","CA","Los Angeles-Long Beach-Anaheim","Los Angeles",106,,,,,,,,,,,,1625,1550,1575,1500,1572.5,1547.5,1650,1608,1616,1616,1597.5,1550,1550,1600,1550,1662.5,1750,1650,1575,1637.5,1692.5,1650,1600,1650,1650,1650,1650,1650,1662.5,1650,1750,1630,1795,1800,1772.5,1722.5,1800,1825,1825,1800,1825,1850,1875,1800,1850,1825,1925,1990,1950,1925,1950,1895,1895,2050,1990,1850,1950,1950,1995,1900,1885,1900,2000,2050,2100,2075
"Boynton Beach","FL","Miami-Fort Lauderdale","Palm Beach",107,,1150,1350,1300,1450,1549.5,1672.5,1500,1400,1425,1350,1295,1300,1300,1300,1350,1285,1300,1300,1297.5,1300,1350,1300,1250,1275,1295,1300,1250,1250,1250,1300,1300,1349,1337,1300,1300,1295,1275,1300,1325,1350,1400,1400,1450,1500,1500,1567,1590,1550,1500,1500,1500,1500,1450,1425,1450,1500,1500,1500,1495,1500,1512.5,1550,1600,1559,1600,1550,1500,1550,1600,1600,1650,1600,1585,1600,1554.5,1600
"Hollywood","FL","Miami-Fort Lauderdale","Broward",108,,,,,,,,,,,,,1600,1562.5,1550,1599.5,1500,1500,1500,1582.5,1550,1500,1500,1450,1450,1450,1450,1495,1500,1500,1500,1500,1500,1550,1500,1500,1500,1550,1500,1550,1525,1500,1500,1550,1600,1650,1670,1600,1550,1500,1500,1550,1550,1600,1650,1650,1650,1625.5,1650,1650,1700,1685,1675,1750,1750,1750,1800,1800,1800,1850,1850,1850,1850,1800,1795,1750,1800
"Lakewood","CO","Denver","Jefferson",109,,,,,,,,,,,,,,,,,,875,850,895,897.5,895,885,950,995,875,862.5,895,925,937.5,1025,1100,995,1079,1000,990,950,900,967.5,995,995,995,995,1100,1092.5,1050,1095,1050,1095,1100,1172.5,1197.5,1100,1100,1250,1199.5,1200,1150,1172.5,1195,1195,1250,1250,1237.5,1385,1300,1275,1299.5,1324.5,1097.5,1250,1300,1300,1350,1325,1350,1450
"Alexandria","VA","Washington","Alexandria City",110,,,,,,,,1700,1700,1572.5,1650,1750,1800,1793,1700,1795,1822.5,1850,1800,1797.5,1850,1795,1725,1750,1850,1850,1800,1850,1895,1850,1895,1900,1895,1895,1850,1850,1800,1795,1795,1800,1850,1800,1775,1795,1825,1850,1825,1800,1800,1800,1800,1800,1800,1800,1850,1850,1850,1850,1850,1850,1800,1800,1850,1850,1900,1850,1875,1850,1825,1849,1850,1800,1850,1850,1925,1900,1925
"Sunnyvale","CA","San Jose","Santa Clara",111,,,,,,,,,,,,,,,,,,,,,,,,,,,,,,,,,,,,,,,,,,,,,,,,,,,,,,,,,,,,,,,,3050,3275,3175,3100,3000,3343.5,3225,3250,3100,3050,3000,3275,3500,3225
"Charleston","SC","Charleston","Charleston",112,,,,,,,,,,1000,1050,1100,1125,1100,1200,1250,1200,1200,1225,1150,1195,1200,1172.5,1137.5,1200,1200,1200,1150,1200,1250,1250,1225,1275,1275,1200,1350,1312.5,1250,1250,1250,1250,1300,1350,1300,1250,1200,1200,1400,1375,1350,1322.5,1300,1350,1350,1350,1350,1365,1395,1350,1350,1412.5,1500,1500,1400,1387.5,1400,1377,1375,1375,1390,1400,1450,1500,1450,1450,1450,1550
"Bridgeport","CT","Stamford","Fairfield",113,,,,,,,,,,,,,1300,1250,1275,1275,1400,1400,1400,1350,1300,1300,1250,1275,1375,1250,1200,1150,1200,1200,1250,1250,1200,1200,1125,1150,1150,1100,1150,1150,1150,1150,1195,1200,1300,1300,1325,1330,1300,1300,1275,1300,1300,1300,1395,1300,1225,1200,1150,1150,1150,1125,1137.5,1200,1195,1237.5,1295,1300,1295,1250,1250,1350,1385,1412.5,1425,1425,1395
"Pasadena","CA","Los Angeles-Long Beach-Anaheim","Los Angeles",114,,,,,,,,,,,,,2199.5,2000,1925,2150,2100,2125,2050,2100,2175,2200,2000,2000,2100,1987,2250,2337.5,2300,2175,2200,2200,2200,2225,2225,2200,2200,2000,2000,2037.5,2000,1995,2000,1875,2200,2100,2100,2000,2100,2100,2100,2200,2200,2200,2295,2395,2395,2250,2325,2300,2300,2450,2450,2400,2337.5,2350,2400,2400,2400,2487.5,2450,2475,2475,2500,2300,2395,2500
"Torrance","CA","Los Angeles-Long Beach-Anaheim","Los Angeles",115,,,,,,,,,,,,,,,,,,,,,,,,,,,,,,,,,,,,,,,,,,,,,,,,,,,,,,,,2500,2450,2450,2500,2500,2500,2600,2500,2499.5,2547.5,2500,2450,2495,2450,2600,2800,2800,2600,2650,2500,2550,2600
"Columbia","SC","Columbia","Richland",116,,,,,,,,,,,,,,,,,,,,,,,,,,,,,,,,,,875,897.5,890,875,837.5,800,895,956,900,895,895,800,795,785,795,797.5,815,950,900,900,895,895,895,895,895,895,895,895,900,975,950,900,912.5,895,862.5,895,895,892.5,850,925,900,925,925,900
"Fullerton","CA","Los Angeles-Long Beach-Anaheim","Orange",117,,,,,,,,,,,,,,,,,,,,,,,,,,,,,2100,1850,1825,1925,1850,1750,1800,1737.5,1687.5,1695,1650,1700,1750,1797.5,1700,1750,1850,1865,1972.5,2025,2150,2125,2125,1900,1995,1995,2100,2200,2172.5,2095,2000,2000,2000,2200,1962.5,2050,2100,1972.5,2125,2175,2175,2150,2200,2262.5,2200,2000,2200,2072.5,2225
"McKinney","TX","Dallas-Fort Worth","Collin",118,,,,,,,,,,,,,,,,,,,,,,,,,,,,,,,,,,,,,,,,,,1545,1272.5,1280,1260,1250,1250,1250,1250,1295,1337.5,1400,1475,1437.5,1400,1385,1395,1385,1310,1400,1500,1350,1550,1500,1497.5,1500,1500,1500,1500,1350,1350,1412.5,1387.5,1500,1450,1450,1587.5
"New Haven","CT","New Haven","New Haven",119,,,,,,,,,,,,,,,,,,,,,,,,,,1200,1200,1400,1600,1400,1500,1350,1325,1325,1300,1200,1225,1275,1350,1300,1300,1285,1250,1225,1400,1312.5,1375,1375,1362.5,1362.5,1400,1362.5,1375,1400,1385,1250,1250,1400,1312.5,1325,1360,1450,1375,1400,1485,1495,1425,1362.5,1350,1397.5,1595,1450,1325,1312.5,1425,1400,1400
"Bellevue","WA","Seattle","King",120,,,,,,,,,,,,,,,,,,,,,,,,,,,,,1475,1450,1550,1675,1650,1635,1590,1595,1675,1736,1700,1720,1557.5,1537.5,1695,1675,1737.5,1737,1750,1700,1725,1750,1700,1750,1700,1850,1772.5,1782.5,1750,1750,1790,1800,1925,1895,1900,1950,1825,1925,2195,2195,2000,1950,1975,2000,2000,2100,2050,1950,2125
"Bloomington","IN","Bloomington","Monroe",121,,,,,,,,,,,,,,,,,,,,,,,,,,,,,,,,,,,925,900,900,982.5,1000,1000,1000,1000,950,950,1000,995,990,990,975,975,982.5,992.5,1000,1000,990,995,990,995,875,795,800,850,900,900,925,915,920,915,930,900,900,900,900,900,900,950,922.5
"Miramar","FL","Miami-Fort Lauderdale","Broward",122,,,,,,,,1450,1450,1350,1350,1400,1400,1400,1400,1425,1450,1450,1450,1450,1400,1395,1399,1400,1395,1350,1375,1400,1400,1350,1400,1400,1400,1400,1400,1400,1400,1400,1450,1577.5,1525,1500,1500,1500,1495,1495,1450,1454.5,1495,1475,1475,1499,1495,1500,1500,1475,1475,1500,1495,1495,1450,1450,1450,1500,1500,1500,1500,1500,1500,1500,1550,1550,1500,1550,1600,1537.5,1525
"Coral Springs","FL","Miami-Fort Lauderdale","Broward",123,,,,,,,,,1049.5,987.5,950,1000,1025,1050,1075,1075,1150,1150,1132.5,1100,1050,1050,1075,1100,1100,1137.5,1132.5,1150,1150,1185,1150,1150,1150,1150,1150,1125,1150,1150,1150,1175,1150,1160,1150,1180,1150,1175,1150,1150,1162.5,1175,1150,1150,1150,1150,1200,1200,1200,1200,1200,1200,1200,1200,1250,1250,1250,1275,1275,1250,1275,1262.5,1275,1275,1275,1275,1250,1297.5,1350
"Hartford","CT","Hartford","Hartford",124,,,,,,,,,,,,,,,,,,,,,,,,,,,,,,,,,,,,,,,,,,,,,,,,,,,,,,,,,,,995,975,975,975,1000,997.5,985,825,900,950,1050,950,875,850,900,950,950,975,900
"Stamford","CT","Stamford","Fairfield",125,,,,,,,,,1800,1800,1812.5,1812.5,1850,1800,1850,1815,1850,1900,1800,1750,1800,1812.5,1900,1900,1975,1800,1800,1800,1800,1800,1800,1812.5,1800,1797.5,1800,1800,1800,1825,1925,1950,1900,1900,1950,2050,2095,1975,2000,1950,1950,1875,1862.5,1925,1895,1925,2100,2100,1950,1950,2100,1950,1925,1950,1950,2000,1950,1950,1950,1950,1950,1912.5,1900,1950,1950,1950,2100,2100,2200
"Savannah","GA","Savannah","Chatham",126,,,,,,,,,,,,,,,,,950,950,977.5,1150,1075,1100,1050,1010,975,1000,1000,937.5,950,950,980,1100,1025,1000,1050,1050,1000,1000,1100,1100,1100,1000,959,1000,1000,1100,1100,1100,1100,1100,1150,1200,1225,1150,1100,1100,1100,1100,1100,1125,1150,1150,1162.5,1150,1200,1150,1150,1175,1100,1100,1100,1150,1175,1175,1197.5,1262.5,1195
"Sterling Heights","MI","Detroit","Macomb",127,,,,,,,,,,,,,,,,,,,,,,,,,,1100,1100,1100,1050,1075,1050,1037.5,1100,1100,1160,1200,1150,1100,1180,1150,1185,1137.5,1100,1100,1075,1100,1125,1025,1100,1100,1100,1075,1137.5,1150,1195,1150,1150,1200,1200,1150,1150,1112.5,1100,1100,1195,1200,1195,1195,1200,1172.5,1150,1150,1172.5,1200,1200,1155,1197.5
"Santa Clara","CA","San Jose","Santa Clara",128,,,,,,,,,,,,,,,,,,,,,,,,,,,,,,,,,,,,,,,,,,,,,,,,,,,,,,,2800,2797.5,2701,2395,2597.5,2750,2800,2645,2595,2862.5,2800,2850,2870,2887.5,3047.5,3050,3050,2973,2995,2850,2600,2850,2850
"Falls Church","VA","Washington","Fairfax",129,,,,,,,,,,1600,1600,1600,1607.5,1650,1637.5,1850,1700,1700,1715,1800,1795,1925,1950,1750,1707.5,1650,1800,1950,1950,1850,1850,1725,1700,1895,1800,1750,1750,1862.5,1850,1800,1800,1850,1795,1750,1795,1800,1800,1750,1750,1750,1800,1850,1840,1850,1850,1800,1800,1800,1800,1795,1795,1750,1765,1825,1850,1895,1850,1800,1800,1850,1800,1800,1795,1797.5,1795,1750,1850
"Frederick","MD","Washington","Frederick",130,,,,,,,,,,,,1425,1550,1575,1585,1574.5,1550,1500,1412.5,1512.5,1400,1400,1450,1462.5,1400,1472.5,1495,1495,1500,1500,1550,1500,1585,1500,1600,1550,1500,1500,1550,1550,1595,1595,1500,1450,1450,1450,1500,1545,1550,1550,1525,1575,1600,1600,1600,1600,1550,1575,1550,1595,1550,1550,1550,1612.5,1650,1650,1550,1550,1525,1500,1550,1550,1500,1500,1500,1600,1495
"Waterbury","CT","New Haven","New Haven",131,,,,,,,,,,,,,,,,,,,,,,,,,,,,,,,,,,,,,,,,,,,,,,,,875,900,950,950,962.5,975,975,980,975,992.5,1000,975,975,950,950,950,950,950,912.5,900,925,925,900,912.5,937.5,975,975,937.5,975,950
"New Port Richey","FL","Tampa","Pasco",132,,,,,,,,,,,,,,,,,,,,,,,,,,,,,,,,,,,,,,,,,,,,950,895,800,800,700,700,725,750,750,795,775,785,795,795,750,800,835,800,800,750,750,737.5,800,800,800,750,812.5,775,782.5,765,785,825,900,900
"Athens","GA","Athens","Clarke",133,,,,,,,,,,,,,,,,,,,,,,,,,,,,,,,,,,,,,,,,,,,,,,,,,750,750,750,750,750,775,750,750,800,800,850,825,825,750,795,750,750,750,800,750,800,850,950,900,850,950,975,987.5,850
"Murrieta","CA","Riverside","Riverside",134,,,,,,,,,,,,,,,,,,,1275,1295,1312.5,1300,1322.5,1250,1250,1285,1300,1200,1250,1275,1297.5,1300,1325,1395,1372.5,1337.5,1325,1350,1395,1350,1325,1350,1312.5,1333,1325,1350,1350,1362.5,1350,1350,1350,1350,1285,1350,1399,1395,1350,1395,1399,1400,1395,1337.5,1372,1450,1450,1457,1485,1475,1450,1495,1450,1450,1412.5,1475,1475,1389,1462.5
"Ann Arbor","MI","Ann Arbor","Washtenaw",135,,,,,,,,,,,,,,,,,,,,,,,,,,,,,,,,,,,,,,,,,,,,,1487.5,1500,1400,1450,1475,1475,1500,1500,1600,1600,1600,1637.5,1675,1450,1495,1600,1500,1500,1522.5,1600,1700,1600,1600,1500,1550,1475,1500,1500,1600,1550,1600,1600,1600
"Cambridge","MA","Boston","Middlesex",136,,,,,,,,,,,,,,,,2200,2200,2375,2400,2500,2502.5,2400,2400,2500,2500,2500,2500,2400,2500,2500,2500,2600,2896.5,2800,2750,2698,2800,2850,2800,2650,2600,2650,2656,2600,2861.5,2800,2800,2763,2750,2754,2750,2800,2700,2645,2650,2700,2700,2767.5,2700,2696.5,2750,2750,2772,2700,2700,2700,2750,2760.5,2650,2650,2750,2750,2700,2700,2795,2800,2800
"Springfield","VA","Washington","Fairfax",137,,,,,,,,,,,,,,,,,,,,,,,,,,,,1950,1995,1950,1975,2025,1895,1900,2025,2000,1992.5,1897.5,1875,1945,2000,1995,1897.5,1900,1995,1900,1925,1900,1940,1992.5,2000,2000,1995,1995,2000,2000,1999,2000,2000,1995,1920,1997,2000,2100,2100,2050,2000,2000,2000,1950,2099,1995,2100,2100,1995,2100,2172.5
"Wilmington","NC","Wilmington","New Hanover",138,,,,,,,,,,,,,897.5,875,875,899,925,850,850,850,775,800,775,797.5,825,825,875,972.5,950,912.5,950,985,1000,1000,987.5,985,970,925,950,925,950,925,850,975,1000,1025,997.5,1000,995,975,925,900,895,950,1050,950,875,950,950,1050,1000,1000,992.5,950,950,950,1000,1050,1050,995,950,950,975,950,995,950,975
"Pompano Beach","FL","Miami-Fort Lauderdale","Broward",139,,,,,,,,,,,1225,1100,1200,1200,1200,1200,1250,1250,1250,1300,1325,1350,1300,1300,1300,1300,1300,1275,1300,1287,1350,1400,1500,1350,1350,1300,1250,1250,1250,1300,1275,1275,1250,1300,1350,1300,1300,1300,1275,1200,1200,1250,1300,1295,1300,1300,1295,1300,1300,1350,1300,1300,1350,1350,1350,1375,1397.5,1400,1350,1350,1395,1375,1350,1350,1400,1350,1395
"Grand Junction","CO","Grand Junction","Mesa",140,,,,,,,,,,,,,,,,,,,,,,,,,,,,,,,,,,,850,850,850,850,850,750,650,700,695,800,862.5,850,875,885,895,875,875,885,875,950,950,975,950,950,950,950,950,962.5,995,950,900,850,900,925,925,950,900,900,925,900,900,937.5,950
"Carlsbad","CA","San Diego","San Diego",141,,,,,,,,,,,,1875,1997.5,1997.5,2000,2147.5,2000,1905,1895,1975,1995,1995,1850,1859,1900,1940,1935,1950,1995,1887.5,1895,1940,2000,2150,2100,2000,1995,1900,2095,2000,2100,2150,2007.5,2200,2145,2200,2362.5,2210,2205,2200,2200,2295,2300,2375,2400,2495,2395,2400,2600,2472.5,2500,2600,2497.5,2499.5,2397.5,2450,2375,2300,2297.5,2272.5,2300,2372.5,2375,2300,2350,2600,2495
"Lewisville","TX","Dallas-Fort Worth","Denton",142,,,,,,,,,,,,,,,,,,,,,,,,,,,,,,,,,,,,,,,,,,,1097,1077.5,1268,1250,1250,1259,1281.5,1295,1295,1295,1295,1295,1450,1295,1275,1295,1295,1259,1350,1350,1395,1375,1375,1430,1475,1430,1450,1450,1350,1415,1375,1295,1362.5,1297.5,1362.5
"West Palm Beach","FL","Miami-Fort Lauderdale","Palm Beach",143,,,,,,,,1300,1250,1250,1250,1285,1295,1300,1300,1300,1250,1249,1200,1200,1200,1200,1150,1175,1200,1200,1200,1150,1200,1200,1195,1180,1198,1100,1100,1150,1190,1200,1200,1200,1200,1250,1200,1250,1400,1325,1450,1350,1300,1300,1300,1300,1325,1350,1375,1385,1325,1300,1325,1325,1300,1325,1395,1395,1402,1500,1492.5,1495,1500,1500,1500,1500,1500,1500,1500,1500,1500
"Columbia","MO","Columbia","Boone",144,,,,,,,,,,,,,,,,,,,,,,,,,,,,,,,,,,,,,,,,,,,,,,,,,,,,,,,,,875,862.5,850,850,900,925,895,825,817.5,800,795,800,825,825,850,837.5,850,862.5,950,850,800
"Sandy Springs","GA","Atlanta","Fulton",145,,,,,,,,,,,,,,,,,,,,,,,,,,,,,998,1100,1050,995,1000,1000,1100,1100,1050,1100,1150,1018.5,1050,1062.5,1000,1019,1000,1000,1100,1090,1100,1100,1100,1150,1100,1100,1150,1150,1200,1150,1240,1230,1262.5,1250,1325,1290,1262.5,1310,1300,1250,1215,1250,1317,1300,1295,1301.5,1400,1272.5,1295
"Laurel","MD","Washington","Prince Georges",146,,,,,,,,,,,,,,,,,,,,,,,,,1537.5,1500,1500,1497.5,1500,1500,1487.5,1547.5,1537.5,1600,1500,1525,1500,1500,1500,1500,1600,1600,1650,1600,1475,1500,1577.5,1600,1575,1600,1597.5,1600,1600,1550,1572.5,1600,1600,1592.5,1600,1597.5,1562.5,1550,1550,1572.5,1595,1500,1550,1550,1572.5,1550,1550,1650,1650,1550,1500,1400,1550
"Davie","FL","Miami-Fort Lauderdale","Broward",147,,,,,,,,,,1200,1200,1100,1100,1150,1150,1175,1200,1200,1200,1200,1175,1195,1175,1200,1200,1200,1200,1200,1200,1200,1200,1200,1200,1200,1200,1200,1200,1200,1200,1250,1300,1300,1300,1250,1250,1250,1250,1262.5,1250,1250,1250,1250,1250,1300,1300,1300,1300,1300,1300,1275,1295,1337.5,1325,1350,1350,1350,1382.5,1375,1350,1400,1400,1375,1350,1350,1350,1450,1400
"Columbia","MD","Baltimore","Howard",148,,,,,,,,,,,,,,,,,1600,1485,1550,1500,1600,1500,1450,1450,1425,1400,1400,1500,1500,1525,1697.5,1725,1589,1500,1589,1500,1425,1459,1500,1400,1450,1500,1600,1550,1500,1550,1525,1510,1500,1500,1500,1495,1662.5,1625,1750,1725,1695,1700,1625,1600,1575,1525,1600,1600,1600,1600,1600,1600,1597.5,1550,1575,1550,1550,1500,1500,1697.5,1600
"Newton","MA","Boston","Middlesex",149,,,,,,,,,,,,,,,,,,,,,,,,,,,,,,,,,,,,,,,,2500,2500,2400,2200,2200,2400,2200,2300,2300,2300,2300,2300,2400,2500,2492.5,2417.5,2400,2435,2400,2435,2400,2435,2442.5,2442.5,2400,2400,2300,2300,2300,2300,2300,2300,2300,2300,2300,2325,2400,2435
"Mission Viejo","CA","Los Angeles-Long Beach-Anaheim","Orange",150,,,,,,,,,,,,,1785,1885,1870,1950,2100,2000,2100,2100,2000,1995,1995,1999,2000,1950,1795,1987.5,1845,1795,1825,2000,1950,1900,1900,1850,1900,1912.5,2097.5,2100,1995,1925,1700,2000,1950,2022.5,2000,2022.5,1972.5,2100,1999.5,2125,2000,2197.5,1972.5,2147.5,2200,1950,1995,2250,2200,1995,1950,2025,2000,2200,1972.5,2100,2200,2200,2300,2200,2250,2000,2195,2100,2200
"Centennial","CO","Denver","Arapahoe",151,,,,,,,,,,,,,,,,,,,,,,,,,,,,,,,,,,,,,,,,,,,,,,,,,,,,,,,,,,,,,,,1850,1790,1799,1875,1800,1800,1895,1885,1850,1850,1600,1625,1750,1750,1595
"Riverview","FL","Tampa","Hillsborough",152,,,,,,,,,,,,,1095,1000,995,995,975,999.5,1044,1050,1050,1000,1000,1000,1000,1000,1050,1050,1050,1050,1100,1100,1100,1100,1075,1050,1050,1050,1095,1100,1200,1250,1350,1200,1095,1095,1112.5,1100,1100,1100,1100,1100,1100,1100,1100,1100,1100,1150,1150,1150,1150,1150,1150,1150,1100,1150,1200,1200,1195,1250,1200,1200,1200,1200,1185,1200,1200
"Annapolis","MD","Baltimore","Anne Arundel",153,,,,,,,,,,,,1850,1850,1737.5,1775,1800,1775,1775,1870,1600,1700,1600,1600,1625,1675,1675,1850,1862.5,1695,1697.5,1695,1850,1837.5,1700,1675,1700,1650,1695,1695,1680.5,1675,1695,1722.5,1847.5,1722.5,1697,1750,1697.5,1649.5,1650,1650,1800,1762.5,1900,2100,2097.5,1997.5,1700,1772.5,1795,1685,1722.5,1722.5,1800,1900,1900,1700,1750,1700,1700,1712.5,1695,1675,1772.5,1800,1900,1750
"Santa Monica","CA","Los Angeles-Long Beach-Anaheim","Los Angeles",154,,,,,,,,,,,,,,,,,,,,,,,,,,,,,,,,,,,,,,,,,,,,,,3995,3610,3995,3725,4200,4147.5,4500,4500,4250,4495,4200,4895,4672.5,4500,4675,4750,4749,4375,4500,4500,5000,4750,5000,5000,4795,4850,5000,5000,4995,4850,4200,4500
"Plantation","FL","Miami-Fort Lauderdale","Broward",155,,,,,,,,,,1050,1000,1100,1100,1150,1200,1200,1200,1200,1200,1200,1200,1200,1250,1250,1277,1250,1250,1225,1250,1250,1250,1250,1217,1250,1272,1250,1275,1280,1250,1300,1300,1300,1300,1300,1250,1250,1250,1250,1275,1275,1290,1300,1300,1300,1300,1325,1350,1350,1350,1300,1337.5,1350,1350,1397,1375,1350,1350,1350,1392.5,1399,1377.5,1387.5,1400,1400,1399,1425,1360
"Sunrise","FL","Miami-Fort Lauderdale","Broward",156,,,,,,,,1000,972.5,1025,1050,1150,1100,1100,1150,1200,1245,1200,1250,1200,1197.5,1150,1150,1150,1150,1150,1100,1100,1125,1150,1150,1100,1100,1150,1150,1150,1150,1150,1200,1350,1332,1250,1250,1200,1150,1150,1150,1200,1200,1200,1200,1200,1200,1250,1250,1250,1250,1299,1250,1250,1300,1300,1302,1362.5,1350,1350,1350,1300,1295,1337.5,1350,1375,1375,1350,1350,1450,1400
"Miami Beach","FL","Miami-Fort Lauderdale","Miami-Dade",157,2175,2000,2000,1900,1900,1850,2050,2200,2200,2200,2200,2000,1876.5,1850,1900,1950,1850,1895,1950,1950,2000,2000,2000,2000,2000,2000,2150,2200,2200,2100,2000,2000,2000,2000,2100,2200,2200,2300,2250,2272.5,2250,2200,2200,2250,2200,2250,2250,2300,2300,2250,2200,2200,2200,2250,2220,2200,2200,2300,2200,2200,2300,2300,2400,2499,2500,2450,2400,2295,2300,2400,2450,2450,2500,2500,2400,2400,2300
"Herndon","VA","Washington","Fairfax",158,,,,,,,,,,,,,1650,1625,1650,1630,1750,1775,1772.5,1800,1800,1800,1662.5,1687.5,1850,1875,1825,1800,1950,1875,1762.5,1895,1800,1875,1750,1700,1700,1700,1862.5,1768,1850,1950,1800,1850,1800,1800,1775,1825,1800,1850,1875,1900,1897.5,1900,1795,1849.5,1825,1850,1800,1825,1900,1975,1950,1975,1992.5,1900,1950,1850,1800,1800,1847.5,1845,1850,1825,1750,1872.5,2050
"Bowie","MD","Washington","Prince Georges",159,,,,,,,,,,,,,,,,1875,1862.5,1895,1825,1797.5,1847.5,1750,1750,1800,1800,1725,1822.5,1845,1725,1700,1750,1750,1700,1800,1800,1650,1825,1900,1850,1850,1950,1897.5,1796.5,1800,1850,1800,1750,1700,1799.5,1796.5,1795,1749.5,1700,1750,1770,1750,1750,1799.5,1798.5,1765,1780,1775,1750,1762.5,1712.5,1795,1799,1750,1800,1750,1700,1650,1800,1760,1800,1800,1700
"Boulder","CO","Boulder","Boulder",160,,,,,,,,,,,,,,,,,,,,,,,,,,,,,,,,1695,1725,1750,1725,1650,1600,1695,1695,1662.5,1500,1500,1497.5,1600,1650,1600,1495,1550,1600,1600,1597.5,1595,1550,1575,1597.5,1662.5,1750,1700,1725,1695,1700,1700,1695,1550,1600,1700,1750,1792.5,1800,1650,1695,1775,1750,1850,1850,1850,1750
"Norwalk","CT","Stamford","Fairfield",161,,,,,,,,,,1650,1700,1725,1672.5,1575,1500,1650,1747.5,1650,1700,1750,1750,1675,1800,1850,1750,1850,1900,1750,1687.5,1797.5,1785,1750,1700,1772.5,1850,1900,1800,1800,1800,1800,1800,1800,1837.5,1812.5,1837.5,1825,1800,1800,1850,1850,1800,1700,1750,1850,1900,1937.5,1900,1950,1950,1997.5,1990,1925,1925,1850,1825,1900,1950,1900,1975,1995,1900,1800,1900,1950,1875,1900,1850
"Germantown","MD","Washington","Montgomery",162,,,,,,,,,,,1550,1650,1550,1590,1492.5,1550,1650,1650,1650,1650,1595,1500,1550,1550,1562.5,1500,1495,1550,1549.5,1590,1600,1550,1592.5,1600,1650,1600,1600,1600,1500,1550,1600,1600,1600,1650,1640,1650,1677.5,1650,1650,1650,1650,1695,1650,1695,1695,1695,1662.5,1695,1650,1650,1650,1650,1650,1650,1650,1650,1650,1650,1650,1645,1650,1670,1650,1650,1650,1700,1700
"Quincy","MA","Boston","Norfolk",163,,,,,,,,,,,,,,,,,1550,1500,1600,1554,1600,1600,1552,1525,1527,1495,1600,1590,1639,1600,1612.5,1650,1730,1700,1625,1750,1700,1650,1650,1637.5,1675,1625,1600,1550,1600,1600,1640,1630,1600,1600,1630,1650,1750,1700,1700,1700,1620,1600,1600,1700,1700,1700,1650,1695,1687.5,1775,1750,1700,1700,1750,1750,1750,1800,1800,1750,1700,1650
"Ashburn","VA","Washington","Loudoun",164,,,,,,,,,,,,,,,,,,,,,,,,,,,,1595,1600,1687,1662.5,1512,1595,1596,1634,1661,1560,1600,1675,1650,1825,1737.5,1750,1700,1650,1700,1750,1812,1792,1790,1785,1750,1772.5,1800,1800,1750,1750,1700,1795,1700,1700,1750,1762.5,1800,1862.5,1850,1882.5,1875,1849,1800,1800,1800,1750,1800,1875,1844.5,1850
"Melbourne","FL","Melbourne","Brevard",165,,,,,,,,850,800,800,800,895,875,875,875,825,800,800,850,812.5,787,700,797.5,795,825,850,900,912.5,850,850,845,899.5,900,900,900,899,850,850,825,789,800,862.5,850,850,900,1000,925,950,950,985,1000,1000,1000,975,975,937.5,997.5,975,995,955,995,1000,1075,1125,1200,1100,1100,1200,1075,1150,1175,1175,1150,1000,1097.5,1200,1200
"Tustin","CA","Los Angeles-Long Beach-Anaheim","Orange",166,,,,,,,,,,,,,1900,1850,1890,1877.5,1887.5,2075,2200,2122.5,2250,2100,2272.5,2100,2100,1950,1950,1972.5,2000,1900,1865,1950,2000,1950,2000,2090,2100,1925,1925,1997.5,2000,1975,1950,1950,1950,2100,2200,2050,2150,2150,2195,2150,2295,2445,2400,2450,2300,2300,2325,2350,2387.5,2300,2200,2195,2175,2150,2187.5,2297.5,2197.5,2200,2200,2300,2300,2300,2300,2200,2172.5
"Town 'n' Country","FL","Tampa","Hillsborough",167,,,,,,,,,,,,,950,975,950,937.5,975,987,950,950,950,937.5,950,950,900,919,899,950,900,925,980,997.5,995,950,950,995,1072.5,1000,936,936,1062.5,1043,1050,1095,1000,1000,1012.5,1025,1100,1100,1072.5,1050,1000,1100,1025,1000,1020,1000,1049.5,1062.5,1097.5,1000,1050,1037.5,1100,1100,1100,1125,1150,1200,1150,1100,1100,1075,1087.5,1100,1150
"Arlington Heights","IL","Chicago","Cook",168,,,,,,,,,,,,,,,,,,,,1275,1190,1250,1250,1150,1150,1150,1200,1200,1200,1200,1200,1300,1250,1250,1250,1150,1150,1250,1250,1300,1300,1350,1400,1300,1337.5,1300,1300,1250,1250,1250,1300,1450,1350,1337.5,1500,1522.5,1395,1350,1350,1400,1439.5,1600,1500,1500,1350,1350,1591,1495,1510,1550,1548,1330,1550,1525,1500,1550,1600
"Mountain View","CA","San Jose","Santa Clara",169,,,,,,,,,,,,,,,,,,,,,,,,,,,,,,,,,,,,,,,,,,,,,,,,,,,,,,,,,3200,3200,3200,3200,3494,3000,3200,3550,3600,3680,3500,3400,3247.5,3000,3150,3475,3500,3750,3595,3450,3772.5
"Evanston","IL","Chicago","Cook",170,,,,,,,,,,,,,1350,1500,1750,1625,1650,1575,1500,1500,1675,1439,1400,1350,1400,1487,1500,1525,1500,1395.5,1350,1417.5,1500,1500,1410,1500,1575,1800,1705,1600,1485,1435,1420,1300,1509.5,1600,1695,1725,1750,1750,1750,1750,1700,1600,1650,1597.5,1600,1650,1625,1662.5,1676,1700,1762.5,1800,1725,1750,1700,1690,1675,1675,1600,1600,1612.5,1650,1800,1950,1700
"Somerville","MA","Boston","Middlesex",171,,,,,,,,,,,,,,,,,,,,,,,,,,2200,2300,2300,2400,2400,2200,2200,2250,2375,2675,2400,2400,2400,2500,2412.5,2325,2400,2200,2200,2300,2200,2200,2200,2300,2300,2400,2387.5,2500,2400,2325,2300,2300,2325,2325,2400,2325,2425,2450,2550,2650,2700,2600,2425,2400,2300,2350,2300,2400,2500,2400,2600,2600
"Saint George","UT","St. George","Washington",172,,,,,,,,,,,,,,,,,,,,,,,,,,,,,,,,,,,,,,,,,,,,,,,,,900,900,912.5,925,937.5,950,912.5,925,900,950,950,950,937.5,950,950,950,950,950,950,900,1000,925,962.5,995,1100,995,1097.5,1100,1095
"Largo","FL","Tampa","Pinellas",173,,,,,,,,,,,,,,,,,,,,,,,,,,,,,,,,,,,,,,,,,,,,,,,,,,,,,,,,,,,,,,,,,950,900,900,925,937.5,950,950,962.5,950,987.5,962.5,1075,950
"Palm Coast","FL","Daytona Beach","Flagler",174,,,,,,,,,,,,,,,,,,,,,,,,,,,,,,,,,,,,,,,,,,,,,,,,,,,,,,,,,,,,,,1200,1112.5,1250,1100,1125,1200,1350,1200,1200,1162.5,1200,1225,1100,1025,1012.5,1112.5
"Sanford","FL","Orlando","Seminole",175,,,,,,,,,,,,,,,,,895,950,975,900,922.5,899,960,950,975,975,995,997.5,1000,962.5,950,995,1050,1000,1000,1000,1000,1045,1000,1000,1050,1050,1000,1050,1035,1000,1062.5,1025,1025,1050,1050,1100,1150,1147.5,1085,1095,1062.5,1100,1100,1100,1150,1137.5,1150,1150,1195,1172.5,1100,1100,1172.5,1100,1100,1150,1175,1172.5,1137.5,1262.5,1200
"Kendall","FL","Miami-Fort Lauderdale","Miami-Dade",176,,,,,,,,1425,1385,1312.5,1375,1350,1395,1350,1350,1300,1300,1300,1300,1300,1300,1300,1295,1300,1300,1300,1349.5,1350,1350,1350,1375,1400,1400,1450,1350,1400,1350,1350,1382.5,1430,1500,1500,1500,1500,1450,1450,1450,1500,1450,1450,1400,1450,1500,1500,1500,1550,1550,1550,1550,1575,1600,1600,1550,1650,1700,1650,1700,1650,1600,1600,1600,1700,1700,1700,1600,1500,1700
"Palm Harbor","FL","Tampa","Pinellas",177,,,,,,,,,,862.5,825,850,900,900,900,850,900,850,875,850,900,925,850,885,895,849.5,849,885,899,900,850,900,909.5,937.5,887,900,900,895,930,900,975,1095,1100,1050,950,900,900,925,975,975,975,950,950,1025,1100,1150,1100,995,1150,1200,1050,1200,1050,1050,1050,1000,995,1012.5,1095,1095,1150,1195,1125,1100,1100,1187.5,985
"Stafford","VA","Washington","Stafford",178,,,,,,,,,,,,,,,,,,,,,,,1412.5,1425,1425,1425,1425,1450,1450,1450,1450,1450,1422.5,1450,1450,1450,1450,1495,1495,1472.5,1500,1495,1477.5,1467.5,1450,1495,1500,1500,1497.5,1500,1525,1550,1550,1500,1475,1475,1500,1497.5,1475,1500,1500,1550,1500,1500,1550,1600,1487.5,1450,1475,1475,1500,1500,1500,1500,1525,1550,1550
"Mount Pleasant","SC","Charleston","Charleston",179,,,,,,,,,,,,,,,,,,,,,1200,1195,1200,1250,1200,1200,1200,1250,1272.5,1225,1275,1250,1325,1300,1212.5,1212.5,1212.5,1200,1200,1250,1250,1250,1200,1345,1300,1300,1320,1350,1300,1322.5,1300,1287.5,1325,1375,1375,1397.5,1300,1362.5,1385,1400,1412.5,1450,1400,1400,1450,1450,1495,1537.5,1500,1450,1425,1450,1425,1400,1400,1500,1500
"Brandon","FL","Tampa","Hillsborough",180,,,,,,,,,,,,,900,895,850,885,895,887.5,900,900,900,900,950,910,950,900,925,950,900,900,912.5,945,900,925,925,945,900,945,995,1030,1150,1225,1250,1065,950,985,987.5,1000,1000,975,975,995,995,995,1075,1050,1050,1050,1000,1050,1050,1050,1100,1100,1147.5,1135,1162.5,1097.5,1200,1200,1150,1100,1100,1100,1200,1200,1150
"Smyrna","GA","Atlanta","Cobb",181,,,,,,,,,,,,,1100,1150,1000,997,1000,1000,980,995,1147.5,1200,1154,1000,1100,968,925,1050,1050,1025,1100,1050,1025,995,995,995,975,995,995,1000,1015,1015,975,1025,1025,1037.5,1050,1050,1050,1050,1050,1150,1200,1200,1100,1247.5,1250,1450,1395,1200,1200,1200,1175,1250,1262.5,1300,1250,1209,1200,1272.5,1250,1300,1350,1250,1342.5,1277.5,1275
"Greenville","NC","Greenville","Pitt",182,,,,,,,,,,,,,,,,,750,762.5,850,850,800,775,800,800,750,750,750,750,762.5,762.5,775,762.5,750,775,795,800,800,800,800,800,800,750,750,775,800,825,812.5,800,800,800,800,800,800,800,775,750,780,775,785,785,800,800,825,825,825,825,800,800,750,775,800,785,795,790,797.5,795,795
"Lauderhill","FL","Miami-Fort Lauderdale","Broward",183,,,,,,,,,,,,950,900,900,950,900,972.5,950,950,950,900,900,900,912.5,950,1000,999.5,990,1000,1000,1095,1100,1050,1000,1000,950,975,975,975,1000,1000,1000,1000,1000,997,1000,962.5,975,998,999,1000,1000,1000,1000,1050,1050,1100,1100,1050,1037.5,1100,1100,1100,1100,1100,1050,1062.5,1100,1100,1100,1100,1100,1100,1150,1100,1100,1100
"Kirkland","WA","Seattle","King",184,,,,,,,,,,,,,,,1312.5,1440,1297.5,1287.5,1395,1350,1325,1295,1295,1250,1250,1295,1300,1350,1350,1350,1350,1350,1350,1497.5,1350,1372.5,1425,1475,1525,1505.5,1500,1511,1551,1550,1497.5,1500,1500,1560,1600,1595,1595,1595,1695,1700,1600,1780,1775,1695,1575,1595,1547.5,1572.5,1550,1700,1695,1650,1790,1750,1750,1695,1895,1800,1795,1850,1900,1850,1797.5
"Redondo Beach","CA","Los Angeles-Long Beach-Anaheim","Los Angeles",185,,,,,,,,,,,,,3000,2995,2800,2692.5,2950,3000,2872.5,2850,2750,2675,2650,2562.5,2850,2875,2800,2675,2800,2800,2950,3050,3200,3000,3300,3400,3200,2800,2900,2800,2972.5,2749,2650,2800,3200,2975,3200,3295,3275,3300,3250,3347.5,3325,3425,3500,3500,3300,3500,3500,3300,3495,3195,3495,3595,3600,3500,3495,3397.5,3570,3495,3495,3500,3525,3570,3500,3595,3600
"Centreville","VA","Washington","Fairfax",186,,,,,,,,,,,,1650,1650,1695,1690,1700,1750,1795,1750,1712.5,1725,1700,1550,1680,1712.5,1750,1750,1850,1800,1800,1800,1795,1750,1796,1800,1755,1800,1750,1725,1850,1850,1850,1850,1850,1799,1750,1775,1750,1750,1797,1800,1850,1895,1895,1800,1765,1800,1795,1850,1800,1800,1750,1850,1900,1900,1925,1900,1875,1800,1800,1812.5,1799.5,1800,1725,1800,1875,1950
"San Marcos","CA","San Diego","San Diego",187,,,,,,,,,,,,,,,,,,,,1845,1840,1825,1850,1837.5,1695,1897.5,1900,1895,1712.5,1725,1700,1895,1800,1825,1850,1750,1672.5,1750,1800,1795,1695,1795,1795,1775,1850,1825,1700,1700,1800,1750,1825,2100,2100,2050,1950,1895,1995,1925,1850,2000,1975,2100,2047.5,2125,1975,1975,1985,1900,2175,2125,1850,1975,2195,2175,1962.5,2175,2150
"Schaumburg","IL","Chicago","Cook",188,,,,,,,,,,,,,,,1212.5,1249,1200,1300,1300,1300,1295,1250,1200,1200,1250,1250,1295,1275,1275,1295,1300,1350,1300,1300,1262.5,1200,1200,1250,1300,1350,1350,1350,1340,1300,1300,1350,1350,1350,1350,1350,1350,1375,1350,1350,1400,1385,1395,1350,1350,1400,1400,1425,1400,1445,1415,1450,1450,1450,1400,1400,1400,1400,1412.5,1400,1400,1400,1450
"Ellicott City","MD","Baltimore","Howard",189,,,,,,,,,,,,,,,,,,,,,,,,,,,,,,,,,,,,,,,,,,,,,,,,,,1650,1650,1732.5,1900,1837.5,1800,1700,1700,1725,1700,1687.5,1750,1650,1700,1600,1685,1750,1672.5,1700,1695,1695,1600,1675,1650,1725,2000,2100,2000
"Plymouth","MN","Minneapolis-St Paul","Hennepin",190,,,,,,,,,,,,,,,,,,,,,,,,,,,,,,,,,,1295,1295,1342.5,1295,1295,1350,1350,1375,1300,1262.5,1295,1345,1395,1345,1450,1395,1395,1400,1397,1380,1399,1385,1425,1450,1450,1400,1400,1400,1425,1572.5,1600,1500,1595,1500,1562.5,1590,1425,1425,1495,1425,1495,1500,1399.5,1499
"Waldorf","MD","Washington","Charles",191,,,,,,,,,,,,,,,,,,,,,1495,1500,1550,1500,1500,1500,1535,1500,1472.5,1500,1500,1495,1500,1495,1450,1500,1495,1500,1500,1500,1500,1500,1450,1550,1600,1550,1500,1450,1450,1450,1450,1500,1512.5,1550,1650,1550,1550,1550,1597.5,1625,1498,1500,1600,1550,1497.5,1550,1650,1650,1650,1600,1500,1550,1550,1550,1500,1500,1575
"Union City","NJ","New York","Hudson",192,,,,,,,,,,,,,,,,,,,,,,,,,,,,,,,,,,,,,,,,,,,,,,1897.5,1875,1850,1850,1850,1850,1850,1750,1900,1850,1925,1950,2000,1975,1800,1750,1850,1850,1900,1850,2000,2125,2200,2100,2175,1975,1975,1962.5,1950,1850,1880,1950
"Palatine","IL","Chicago","Cook",193,,,,,,,,,,,,,1250,1350,1400,1272.5,1272.5,1250,1175,1275,1200,1200,1162.5,1225,1150,1300,1295,1200,1200,1250,1275,1225,1175,1200,1200,1250,1075,1200,1187.5,1200,1250,1250,1300,1300,1200,1197.5,1250,1350,1350,1350,1300,1300,1400,1445,1400,1300,1275,1250,1300,1300,1400,1399,1350,1300,1350,1312.5,1300,1300,1350,1400,1400,1300,1375,1350,1300,1300,1375
"Vienna","VA","Washington","Fairfax",194,,,,,,,,,,,,,,,2100,2100,2297.5,2400,2400,1997.5,2100,2250,2200,2200,2200,2200,2200,2450,2400,2400,2295,2375,2500,2200,2400,2350,2297.5,2375,2700,2637.5,2650,2500,2412.5,2397.5,2425,2400,2500,2500,2495,2400,2400,2400,2435,2500,2400,2297.5,2300,2300,2400,2450,2375,2450,2500,2550,2700,2600,2400,2500,2495,2300,2475,2325,2325,2250,2475,2300,2600
"Weston","FL","Miami-Fort Lauderdale","Broward",195,,,,,,,,,,,,1475,1350,1350,1400,1400,1400,1400,1400,1400,1400,1400,1495,1500,1500,1400,1425,1450,1475,1498,1450,1470,1450,1500,1700,1600,1575,1650,1680,1900,1750,1675,1600,1595,1450,1475,1450,1450,1450,1475,1500,1600,1650,1675,1600,1550,1600,1650,1650,1600,1550,1550,1600,1600,1600,1600,1700,1800,1650,1700,1650,1695,1700,1775,1825,1700,1690
"Venice","FL","North Port-Sarasota-Bradenton","Sarasota",196,,,,,,,,,,,,,,,,,,,,,,,,,,,,,,,,,,,,,,,,,,,,,,,,,,,,,,,,,,,,,,,,,,2050,2200,2150,2400,2600,2500,2700,2900,2600,2600,2650,2200
"Bethesda","MD","Washington","Montgomery",197,,,,,,,,,,,,,,,,,,,,,,,,,,,,,,,,,,,,,,,,,2300,2397.5,2195,2197.5,2200,2200,2175,2050,2050,2000,2100,2270,2387.5,2237.5,2237.5,2097.5,2000,2000,1975,2050,2100,2300,2272.5,2295,2195,2012.5,2100,2100,2200,2100,2100,2025,2200,2200,2100,2225,2000
"Glen Allen","VA","Richmond","Henrico",198,,,,,,,,,,,,,,,,,,,,,,,,,,,,,,,,,,,,,,,,,,,,,,,,,1275,1275,1250,1250,1325,1362.5,1425,1392.5,1450,1337.5,1300,1375,1400,1325,1300,1300,1395,1400,1400,1400,1400,1492.5,1495,1475,1375,1337.5,1350,1487.5,1375
"North Bergen","NJ","New York","Hudson",199,,,,,,,,,,,,,,,,,,,,,,,,,,,,,,,,,,1975,1800,1800,1800,1700,1800,1750,1675,1650,1650,1750,2050,1950,1887.5,1837.5,2050,2150,2000,1875,2100,2050,2250,2300,2100,1950,1900,1950,2150,2300,2190,2000,1975,1975,2200,2200,2400,2300,2000,1885,2150,2300,2400,1975,1895
"Laguna Niguel","CA","Los Angeles-Long Beach-Anaheim","Orange",200,,,,,,,,2150,1950,2050,1950,1950,1850,1992,1895,1850,1900,1995,2000,1950,1850,1950,1950,1950,2000,1985,1950,1850,2075,2172.5,2100,2000,1995,1995,1997.5,1995,2100,2000,1950,2050,2050,2000,1800,2100,2162.5,2097.5,2000,1972.5,2000,2000,2000,2000,2000,1995,2189,2190,2025,1995,2200,2188,2125,2200,2325,2250,2200,2191.5,2200,2275,2282.5,2200,2297.5,2191.5,2200,2197.5,2200,2250,2300
"Eden Prairie","MN","Minneapolis-St Paul","Hennepin",201,,,,,,,,,,,,,,,,,,,,,,,,,,,,,,,,,,,,,,1572.5,1395,1350,1350,1285,1325,1437.5,1500,1495,1450,1450,1450,1450,1450,1450,1495,1495,1495,1462.5,1387.5,1397.5,1450,1495,1472.5,1400,1495,1550,1485,1450,1450,1450,1450,1450,1450,1450,1474.5,1475,1450,1450,1500
"Punta Gorda","FL","Punta Gorda","Charlotte",202,,,,,,,,,,,,,,,,,,,,,,,,,,,,,,,,,,,,,,,,,,,,,,,,,,,,,,,,,,,,,,,,1750,2025,2125,2150,2200,2300,2400,2400,2400,2300,2200,2100,1925,1700
"Tamarac","FL","Miami-Fort Lauderdale","Broward",203,,,,,,,,,,,,1000,950,950,950,1000,999,1000,1000,1000,950,1000,1000,1000,1000,1037.5,1000,1000,1000,1012.5,1000,1050,1050,1000,1000,980,997.5,975,990,1050,1050,1100,1100,1050,1050,1050,1050,1050,1050,1050,1100,1100,1100,1150,1150,1150,1100,1100,1100,1150,1150,1200,1200,1197.5,1200,1200,1197.5,1200,1200,1200,1200,1200,1200,1225,1250,1212.5,1200
"Reston","VA","Washington","Fairfax",204,,,1700,1887.5,1625,1895,1900,1900,1800,1895,1962.5,1925,1850,1797.5,1800,1825,1800,1725,1750,1750,1847.5,1795,1750,1700,1800,1772.5,1800,1850,1750,1850,1897,1925,1850,1800,1899,1950,1800,1775,1750,1775,1800,1895,1950,1950,1900,1800,1800,1800,1800,1825,1825,1850,1850,1850,1975,1900,1897.5,1862.5,1850,1850,1850,1825,1850,1862.5,1900,1900,1982.5,1900,1900,1900,1850,1900,1900,1912.5,1895,1850,1937.5
"Waltham","MA","Boston","Middlesex",205,,,,,,,,,,,,,,,,,,,,,,,,,,,,,,,,,,,,,,,,,,,,,,,,,,,,,,,,,,,,,1807.5,1900,1947.5,2000,1995,1925,1950,1950,1950,2000,1872.5,1850,1800,1950,1950,1975,1800
"Jupiter","FL","Miami-Fort Lauderdale","Palm Beach",206,,,,,,,,,,,,,1950,1800,1695,1650,1600,1500,1500,1600,1700,1900,2000,1800,1900,1675,1650,1650,1600,1650,1600,1700,1800,1850,1945,1995,1900,1700,1625,1600,1675,1650,1700,1800,1997.5,2125,2200,2200,2197.5,1950,1900,1895,1875,1850,1900,2000,1995,2100,2150,2150,2112.5,2000,1850,1962.5,1985,1950,2000,2200,2200,2350,2300,2250,2200,2100,1985,1925,2000
"Greenwich","CT","Stamford","Fairfield",207,,,,,,,,,,,,,,,,,,,,,,,,,,,,,,,,,,,,4000,3775,3500,3500,3600,3750,3775,3600,3775,3850,3600,3450,3400,3225,3200,3225,3500,3600,3600,3800,4062.5,4250,4100,3887.5,3800,3800,3795,3725,3800,3750,3525,3600,3550,3350,3150,3222.5,3600,3400,3450,3500,3825,3800
"Kendale Lakes","FL","Miami-Fort Lauderdale","Miami-Dade",208,,,,,,,,,,,,1295,1250,1250,1300,1312.5,1300,1299.5,1250,1250,1250,1200,1225,1225,1200,1200,1200,1250,1285,1250,1300,1300,1300,1300,1275,1250,1250,1300,1300,1350,1400,1362.5,1400,1395,1395,1400,1375,1350,1350,1350,1350,1350,1350,1400,1400,1400,1382.5,1400,1400,1395,1397.5,1400,1400,1400,1412.5,1500,1500,1500,1500,1500,1500,1500,1500,1512.5,1500,1450,1500
"Fountainbleau","FL","Miami-Fort Lauderdale","Miami-Dade",209,,,,,,,,,,,,1200,1200,1200,1200,1200,1200,1250,1262.5,1250,1250,1250,1275,1300,1300,1290,1250,1287.5,1300,1300,1325,1350,1300,1300,1300,1300,1350,1350,1350,1350,1400,1350,1400,1400,1400,1400,1400,1350,1350,1350,1350,1350,1400,1400,1450,1450,1470,1497.5,1500,1450,1450,1462.5,1500,1500,1500,1500,1500,1500,1500,1550,1550,1505,1500,1525,1500,1550,1550
"Newport Beach","CA","Los Angeles-Long Beach-Anaheim","Orange",210,,,,,,,,,,2875,2925,2950,2800,2995,3075,2995,2800,3000,2800,2500,2900,3000,2995,3200,3050,3000,2747.5,2700,3000,2997.5,2700,2700,3000,3000,3000,3000,3000,2972.5,3195,3207.5,3200,3200,2750,2830,3200,3150,3050,3000,3000,3000,3122.5,3200,3400,3350,3200,3500,3390,3150,3250,3200,3600,3500,3575,3575,3600,3500,3525,3500,3600,3500,3500,3575,3725,3875,3850,3600,3400
"Kissimmee","FL","Orlando","Osceola",211,,,,,,,,,,,,,797.5,800,900,900,875,850,812.5,800,850,800,802.5,850,800,800,850,895,850,850,925,950,925,950,900,900,925,937.5,937.5,975,975,1000,905,950,962.5,995,962.5,985,950,950,950,1025,1012.5,995,1012.5,1000,937.5,937,937,965,925,950,985,1000,1000,997.5,1000,1100,1025,1000,1025,1037.5,1050,1150,1150,1100,1100
"Gaithersburg","MD","Washington","Montgomery",212,,,,,,,,,,,,,,,,,1900,1850,1895,1850,1895,1800,1800,1795,1812.5,1700,1695,1800,1849.5,1900,1995,2000,1900,1800,1772.5,1830,1805,1800,1800,1700,1850,1850,1795,1800,1800,1800,1800,1900,1900,1900,1900,1950,2000,1995,1950,1972.5,1897.5,1900,1900,1900,1950,1995,2000,1900,1950,1977.5,1950,1860,1850,1872.5,1900,1900,1877.5,1850,1900,1900,1995
"San Clemente","CA","Los Angeles-Long Beach-Anaheim","Orange",213,,,,,,,,,,,,,,,,,,,,,,,,,,,,,,,,,,,,,,,,,,,,,,,,,,,,,,,,2750,2800,2750,2775,2700,2700,2750,2850,2850,3072.5,3172.5,2850,2950,2999,3049.5,3195,3000,2992.5,3100,3097.5,3050,3000
"Annandale","VA","Washington","Fairfax",214,,,,,,,,,,,,,,,,,,,,,,,,,,,,,,,,,,,,,,,,,,,,1550,1550,1550,1600,1592.5,1582.5,1600,1600,1600,1650,1625,1675,1575,1587.5,1800,1750,1700,1600,1550,1800,1737.5,1675,1650,1775,1773.5,1650,1550,1600,1650,1600,1650,1650,1672.5,1695
"West Des Moines","IA","Des Moines","Polk",215,,,,,,,,,,,,,,,,,,,,,,,,,,,,,,,,,,,,,,,,,,,,,,,,,,,,,1199.5,1200,1230,1175,1172.5,1125,1160,1050,1050,1145,1145,1145,1145,1045,1022.5,1035,1020,1045,1145,1145,1145,1145,1145,1145,1145
"White Plains","NY","New York","Westchester",216,,,,,,,,,,2200,2172.5,2147.5,2297.5,2200,2325,2100,2325,2300,2175,2100,2100,2100,2150,2150,1887.5,2000,2050,2100,2200,2162.5,2200,2495,2600,2400,2400,2200,2200,2300,2250,2200,2200,2300,2262.5,2300,2300,2287.5,2300,2300,2250,2200,2200,2350,2332,2316,2300,2400,2341,2300,2300,2250,2350,2200,2300,2350,2350,2350,2350,2350,2475,2475,2450,2332,2300,2332,2500,2341,2500
"Medford","MA","Boston","Middlesex",217,,,,,,,,,,,,,,,,,,,,,,,,,,,,,,,,,,,,,,,,,,,,,,,,,,,,,2300,2000,2000,2024,2000,2035.5,2000,2050,2000,2000,2100,2100,2400,2100,2337.5,2225,2200,2300,2200,2175,2200,2200,2200,2262.5,2300
"Deerfield Beach","FL","Miami-Fort Lauderdale","Broward",218,,,,,,,,,,,,1200,1250,1200,1200,1200,1200,1200,1200,1200,1297.5,1300,1300,1300,1250,1250,1200,1200,1250,1300,1250,1250,1300,1300,1275,1200,1200,1200,1200,1200,1250,1250,1300,1300,1350,1400,1350,1297,1262.5,1285,1300,1300,1300,1300,1350,1300,1350,1350,1412.5,1500,1500,1350,1350,1300,1325,1350,1350,1387.5,1400,1400,1350,1400,1412.5,1350,1350,1350,1350
"Altamonte Springs","FL","Orlando","Seminole",219,,,,,,,,,,,,705,695,720,750,775,795,795,787.5,750,762.5,750,750,770,750,750,775,775,795,800,825,825,800,797.5,775,780.5,781,780,795,800,850,850,850,825,895,850,850,850,875,850,850,850,882.5,890,895,875,875,875,895,895,895,900,900,895,900,950,950,995,950,985,947.5,900,950,950,950,895,895
"Margate","FL","Miami-Fort Lauderdale","Broward",220,,,,,,,,,,,,800,837.5,875,875,887.5,937.5,900,900,900,900,950,950,950,999.5,1000,1000,980,975,950,900,900,950,950,927.5,950,900,950,992.5,1050,1000,1000,950,950,950,950,950,950,950,950,950,1050,1035,1000,1025,1000,1000,1000,1000,999,1000,1127.5,1112.5,1100,1100,1150,1200,1162.5,1125,1200,1200,1200,1100,1100,1112.5,1100,1200
"Coconut Creek","FL","Miami-Fort Lauderdale","Broward",221,,,,,,,,,,,,1125,1100,1100,1100,1150,1200,1200,1200,1200,1200,1200,1150,1175,1150,1150,1197,1175,1150,1200,1194.5,1200,1200,1200,1200,1200,1200,1200,1195,1200,1200,1250,1200,1200,1200,1200,1200,1180,1200,1200,1200,1250,1250,1240,1250,1250,1280,1250,1250,1275,1270,1250,1250,1300,1300,1300,1262.5,1300,1300,1300,1300,1300,1300,1300,1267.5,1250,1300
"Delray Beach","FL","Miami-Fort Lauderdale","Palm Beach",222,1200,1200,1200,1200,1250,1200,1300,1262.5,1197.5,1250,1275,1287.5,1200,1200,1200,1282.5,1300,1295,1250,1250,1300,1300,1300,1250,1200,1200,1226,1250,1300,1300,1350,1400,1400,1371.5,1350,1300,1250,1250,1250,1300,1300,1300,1395,1500,1600,1600,1600,1600,1575,1550,1500,1500,1420,1407.5,1512.5,1500,1540,1500,1450,1425,1400,1400,1500,1500,1600,1647.5,1700,1662.5,1700,1699,1650,1600,1550,1510,1500,1550,1522.5
"Rockville","MD","Washington","Montgomery",223,,,,,,,,,,,,,,,,,,,,,,,,,,,,,,,,,,,,,,,,,,2366,2357,2250,2495,2300,2300,2300,2350,2350,2450,2400,2487.5,2500,2300,2225,1995,1948,1948,2017.5,2200,2300,2000,1900,2000,2027.5,2150,2250,2050,2100,2000,1995,1950,1950,1885,1950,2160
"The Hammocks","FL","Miami-Fort Lauderdale","Miami-Dade",224,,,,,,,,,,,,1250,1250,1200,1200,1200,1250,1250,1250,1200,1200,1200,1200,1200,1250,1250,1250,1250,1297.5,1300,1300,1300,1300,1300,1300,1350,1350,1350,1350,1400,1380,1350,1375,1350,1350,1399.5,1400,1350,1350,1350,1350,1350,1375,1400,1400,1350,1375,1400,1400,1367.5,1375,1400,1450,1450,1425,1400,1475,1500,1550,1599.5,1600,1600,1600,1600,1600,1550,1500
"Oak Park","IL","Chicago","Cook",225,,,,,,,,,,,,,,,,,,,,,,1400,1445,1375,1342.5,1380,1300,1300,1350,1350,1450,1400,1350,1300,1500,1525,1395,1537.5,1500,1400,1353,1406,1300,1350,1395,1397.5,1412,1400,1400,1400,1400,1300,1325,1355,1350,1350,1405,1350,1350,1400,1350,1325,1300,1400,1600,1600,1500,1497.5,1495,1400,1397.5,1450,1375,1475,1406,1412,1450
"Mililani","HI","Urban Honolulu","Honolulu",226,,,,,,,,,,,,,,,,,,,,,,,,,,,,,,,,,,,,,,,,,,,,,,,,,,,,,,,,,,,,,,,,1825,1800,1774.5,1850,1725,1850,1800,1800,1850,1895,1950,2025,1900,1800
"Hoboken","NJ","New York","Hudson",227,,,,,,,,,2750,2600,2650,2575,2500,2350,2362.5,2550,2650,2625,2675,2757.5,2700,2795,2700,2650,2580,2650,2700,2650,2700,2700,2800,2950,2642.5,2600,2600,2550,2500,2642.5,2650,2700,2700,2650,2600,2650,2750,2700,2642.5,2600,2550,2550,2600,2750,2750,2750,2765,2850,2800,2700,2700,2750,2700,2700,2850,2875,2900,2800,2800,2900,2950,2900,2900,2850,2900,2800,2900,2800,2985
"Brookline","MA","Boston","Norfolk",228,,,,,,,,,,,,,2200,2275,2250,2300,2275,2300,2275,2300,2300,2300,2400,2400,2400,2500,2400,2300,2350,2330,2195,2475,2500,2495,2425,2700,2700,2550,2500,2450,2500,2500,2500,2500,2600,2600,2600,2625,2600,2600,2600,2650,2650,2650,2625,2500,2500,2500,2600,2775,2800,2650,2650,2650,2700,2700,2645,2647.5,2625,2660,2800,2900,2999.5,2850,2800,2700,2700
"North Miami","FL","Miami-Fort Lauderdale","Miami-Dade",229,,,,,,,,,997.5,999,1000,995,1037.5,1025,1000,1000,1097.5,1075,1050,1080,1050,1062.5,1050,1000,1020,1082.5,1050,1050,1150,1150,1125,1150,1177.5,1100,1100,1100,1100,1150,1200,1200,1150,1200,1250,1350,1325,1300,1275,1275,1200,1200,1200,1299,1295,1250,1250,1250,1250,1262.5,1250,1299,1250,1300,1400,1450,1350,1400,1400,1400,1362.5,1450,1450,1500,1600,1550,1500,1300,1300
"Homestead","FL","Miami-Fort Lauderdale","Miami-Dade",230,,,,,,,,1000,1000,1000,1000,977.5,975,975,977.5,975,987.5,1000,1000,979.5,950,950,950,975,1000,1000,1000,1000,1050,1050,1050,1000,1000,1000,1000,1000,1000,1000,1000,1000,1025,1025,1050,1090,1050,1075,1050,1060,1050,1050,1100,1150,1150,1100,1100,1150,1100,1150,1150,1150,1150,1150,1200,1185,1150,1150,1200,1200,1225,1200,1250,1250,1200,1250,1250,1250,1250
"Mc Lean","VA","Washington","Fairfax",231,,,,,,,,,,,,,,1950,1992.5,1895,1750,1950,1700,1800,1772.5,1825,1925,1925,1875,1875,1997.5,1990,1995,2100,2200,2000,1995,1950,1950,1875,1925,1950,2000,2000,2075,2025,2000,1975,2000,2000,1975,1995,1995,1950,1925,1922.5,2000,2150,2000,2000,2000,2000,2000,2100,2075,2000,1900,2000,2099.5,2147.5,2100,2000,1982.5,1995,1985,1950,1900,1950,1995,1972.5,2000
"Johns Creek","GA","Atlanta","Fulton",232,,,,,,,,,,,,,,,,,,,,,,,,,,,,,,,,,,,,,,,,,,,,,,,,,,,,,,,,,,,,,,1500,1572.5,1600,1850,1825,1750,1700,1625,1650,1750,1750,1750,1725,1700,1850,1600
"Aliso Viejo","CA","Los Angeles-Long Beach-Anaheim","Orange",233,,,,,,,,,,2075,1922.5,2100,2125,2100,1850,1900,2195,2150,2100,2100,1995,2000,2100,2100,2195,2050,1980,2125,2295,2300,2300,2200,2200,2250,2300,2200,2300,2200,2200,2295,2250,2300,2000,2300,2300,2295,2272.5,2300,2300,2325,2325,2400,2400,2450,2500,2500,2450,2400,2450,2450,2472.5,2450,2300,2400,2400,2475,2500,2450,2400,2400,2450,2600,2540,2495,2450,2400,2450
"Doral","FL","Miami-Fort Lauderdale","Miami-Dade",234,,,,,,,,1600,1500,1500,1650,1650,1600,1600,1600,1600,1650,1690,1650,1650,1600,1600,1600,1650,1650,1650,1650,1600,1650,1650,1690,1700,1650,1650,1650,1675,1650,1650,1700,1690,1750,1800,1800,1800,1800,1800,1800,1800,1800,1800,1750,1750,1800,1800,1800,1850,1850,1850,1850,1887.5,1900,2024.5,1992.5,1950,1900,1900,1900,1887.5,1862.5,2150,2200,2250,2200,2200,1950,1950,1950
"North Bethesda","MD","Washington","Montgomery",235,,,,,,,,,,,,1862.5,2000,2000,1865,1895,1865,2125,2050,2000,1950,2000,1812.5,1800,1800,1800,1887.5,1800,1985,1897.5,1800,1972.5,1850,1825,1925,1825,1950,2057.5,2000,2000,2025,2012.5,1975,1910,1925,1912.5,1912.5,2050,1995,1950,1850,1850,1925,1995,1950,1850,1925,1850,1850,1850,1865,1857.5,1800,1850,1800,1782.5,1750,1750,1750,1850,1850,1862.5,1850,1865,1995,1895,1962.5
"Bloomfield Hills","MI","Detroit","Oakland",236,,,,,,,,,,,,,,,,,,,,,,,,,,,,,,,,,,,,,,,,,,,,,,,,,,,,,,,,1250,1175,1095,1072.5,1172.5,1250,1298,1100,1150,1195,1198,1350,1300,1375,1300,1200,1300,1300,1350,1300,1275,1432.5
"Diamond Bar","CA","Los Angeles-Long Beach-Anaheim","Los Angeles",237,,,,,,,,,,,,,1500,1572.5,1550,1550,1650,1650,1525,1550,1595,1565,1600,1597.5,1525,1550,1600,1650,1650,1650,1625,1562.5,1587.5,1550,1512.5,1572.5,1624.5,1597.5,1550,1650,1700,1700,1672.5,1670,1650,1640,1640,1630,1650,1650,1700,1750,1750,1650,1692.5,1700,1700,1695,1750,1650,1640,1650,1750,1685,1712.5,1750,1800,1785,1850,1875,1900,1900,1800,1795,1800,1815,1850
"Coral Gables","FL","Miami-Fort Lauderdale","Miami-Dade",238,,,,,,,,,1900,1900,2000,1900,1850,1850,1850,1950,1950,1950,1900,1980,1977.5,1950,1995,1900,1950,2000,2000,2000,2000,2000,2000,2100,2125,2100,2100,2200,2200,2200,2125,2100,2100,2100,2100,2100,2100,2200,2200,2200,2200,2197.5,2150,2150,2195,2150,2000,2000,2195,2125,2147.5,2200,2200,2075,2200,2200,2250,2300,2250,2300,2300,2300,2300,2300,2287.5,2200,2150,2147.5,2200
"Palm Springs","CA","Riverside","Riverside",239,,,,,,,,,,,,,,,,,,,,,,,,,,,,,,,,,,,,,,,,,,,,,,,,,,,,,,,,,2200,2200,2300,2300,2300,2200,2100,2100,2050,2100,2100,2200,2000,2200,2200,2300,2200,2150,2000,1800,1800
"Oakland Park","FL","Miami-Fort Lauderdale","Broward",240,,,,,,,,,,,,900,975,950,990,962.5,995,1000,1000,1000,1000,1000,975,975,999,1050,1050,1050,1050,1000,992.5,1000,1000,1050,1095,1050,1000,1100,1050,1100,1100,1100,1090,1100,1075,1000,1100,1092.5,1100,1100,1100,1100,1150,1150,1100,1150,1150,1100,1100,1100,1100,1150,1165,1165,1200,1200,1200,1200,1200,1200,1200,1200,1200,1200,1200,1162.5,1200
"Rancho Santa Margarita","CA","Los Angeles-Long Beach-Anaheim","Orange",241,,,,,,,,,,,,1595,1600,1800,1712.5,1675,1650,1650,1750,1800,1700,1825,1990,1797.5,1750,1700,1650,1682.5,1800,1800,1797.5,1825,1750,1900,1850,1825,1895,1795,1922.5,1850,2100,1995,1800,2097.5,2200,2100,1997.5,2050,1995,1950,1950,1900,2000,2100,2100,2300,2100,2097.5,2100,1997.5,1972.5,2075,2100,2100,2100,2100,2100,2100,2100,2125,2100,2050,1950,1997.5,2100,2000,2100
"North Lauderdale","FL","Miami-Fort Lauderdale","Broward",242,,,,,,,,,,,,,,,,,,,,,,,1200,1200,1150,1150,1180,1175,1200,1175,1150,1162.5,1100,1150,1200,1150,1200,1200,1200,1300,1250,1250,1250,1225,1200,1200,1212.5,1200,1200,1200,1200,1250,1250,1250,1262.5,1250,1250,1250,1250,1250,1300,1300,1300,1300,1325,1272.5,1300,1300,1250,1250,1250,1250,1300,1300,1300,1299,1350
"Country Club","FL","Miami-Fort Lauderdale","Miami-Dade",243,,,,,,,,,,,,1200,1200,1200,1200,1200,1200,1200,1200,1200,1200,1225,1200,1250,1250,1225,1250,1250,1275,1250,1250,1250,1250,1250,1250,1200,1250,1250,1286,1300,1277.5,1275,1250,1290,1300,1300,1300,1300,1270,1297.5,1300,1325,1325,1325,1300,1300,1325,1350,1350,1350,1337.5,1325,1300,1350,1362.5,1387.5,1400,1400,1400,1400,1367.5,1350,1400,1400,1376.5,1400,1500
"Sarasota","FL","North Port-Sarasota-Bradenton","Sarasota",244,,,,,,,,,,,,,2000,2000,2200,1875,1975,2200,2300,2300,2300,2200,2200,1900,1900,1800,1987.5,1800,1800,1800,1800,1900,2000,2000,2100,2000,2100,1897.5,1800,1775,1700,1800,1650,1897.5,2000,2225,2500,2400,2000,1800,1800,1950,1825,1999,2000,2150,2200,2225,2600,2500,2500,2300,2000,1825,1850,1825,1900,2000,2250,2385,2500,2600,2500,2300,2150,2200,1850
"Streamwood","IL","Chicago","Cook",245,,,,,,,,,,,,,,,,,,,,,,,,,,,,,1450,1395,1300,1295,1350,1350,1400,1350,1372.5,1285,1300,1287.5,1250,1325,1400,1397.5,1472.5,1450,1400,1300,1400,1337.5,1325,1337.5,1350,1350,1375,1400,1250,1275,1350,1350,1398,1404.5,1395,1395,1400,1475,1450,1450,1425,1450,1400,1400,1550,1550,1425,1395,1472.5
"Cutler Bay","FL","Miami-Fort Lauderdale","Miami-Dade",246,,,,,,,,,,,,1100,1100,1100,1100,1100,1250,1250,1200,1200,1200,1200,1250,1250,1250,1262.5,1300,1275,1250,1250,1262.5,1300,1300,1300,1250,1300,1300,1300,1392.5,1400,1400,1400,1390,1395,1350,1350,1350,1400,1400,1400,1400,1395,1450,1400,1400,1400,1400,1350,1350,1350,1350,1350,1350,1350,1350,1350,1450,1537.5,1499.5,1489.5,1350,1387.5,1350,1400,1400,1400,1400
"Manassas","VA","Washington","Prince William",247,,,,,,,,,,,,1297.5,1285,1300,1400,1450,1400,1400,1400,1400,1400,1375,1347.5,1300,1300,1400,1350,1350,1400,1350,1440,1495,1450,1450,1365,1400,1500,1495,1500,1500,1500,1472.5,1495,1550,1557.5,1485,1400,1400,1495,1485,1400,1400,1450,1450,1450,1562.5,1550,1550,1550,1500,1600,1600,1562.5,1495,1450,1500,1500,1475,1450,1400,1450,1400,1499,1499.5,1450,1500,1625
"Palm Beach Gardens","FL","Miami-Fort Lauderdale","Palm Beach",248,,,,,,,1900,1600,1400,1450,1400,1400,1400,1400,1450,1450,1400,1437.5,1400,1410,1410,1400,1350,1350,1500,1500,1500,1500,1500,1500,1475,1500,1500,1590,1600,1590,1650,1590,1550,1500,1500,1500,1535,1600,1837.5,1867.5,1900,1850,1800,1700,1697.5,1650,1600,1650,1650,1650,1697.5,1700,1700,1650,1800,1700,1750,1690,1650,1697.5,1800,1825,2000,2000,1850,1800,1750,1797.5,1725,1750,1700
"Naples","FL","Naples","Collier",249,,,,,,,,,,,,,,,,,,,,,,,,,,,,,,,,,,,,,,,,,,,,,,,,,,,,,,,,,3000,3185,3200,3200,3200,3000,3200,3199.5,3200,3200,3200,3250,3400,3500,3500,3500,3500,3500,3500,3300,3295
"Kendall West","FL","Miami-Fort Lauderdale","Miami-Dade",250,,,,,,,,,,,,1200,1167.5,1199,1150,1100,1150,1150,1150,1150,1150,1150,1150,1150,1150,1200,1175,1200,1200,1200,1200,1200,1200,1200,1200,1200,1200,1200,1200,1200,1295,1262.5,1250,1250,1250,1250,1250,1250,1250,1250,1250,1250,1260,1300,1300,1300,1300,1300,1325,1350,1312.5,1325,1300,1350,1350,1400,1400,1350,1350,1400,1400,1400,1400,1400,1350,1375,1400
"Franconia","VA","Washington","Fairfax",251,,,,,,,,,,,,,1812.5,1899.5,1812.5,1850,2000,2000,1950,1990,1969.5,1850,1895,1900,1950,2000,1950,1950,2012.5,2000,2000,2000,1950,1950,2000,1825,1850,1875,1850,1900,1900,1997.5,1950,2000,2000,2000,2000,1975,1975,2000,2000,2000,2050,2100,2000,2100,2000,1995,1950,1950,1950,2000,2100,2125,2225,2100,2150,2150,2100,1995,2087.5,2097.5,2100,2100,2000,2100,1950
"Mt Laurel Township","NJ","Philadelphia","Burlington",252,,,,,,,,,,,,,,,,,,,,,,,,,,,,,1275,1300,1350,1350,1350,1350,1395,1375,1350,1300,1385,1350,1350,1350,1350,1375,1350,1312.5,1300,1300,1300,1300,1300,1350,1350,1400,1400,1400,1400,1400,1440,1412.5,1370,1350,1350,1362.5,1450,1400,1400,1400,1400,1375,1375,1375,1350,1350,1450,1350,1375
"Beverly Hills","CA","Los Angeles-Long Beach-Anaheim","Los Angeles",253,,,,,,,,,,,,,,,,,,,,,,,,,,,,,,,,,,,,,,,,,,,,,,4500,4500,4500,4500,4500,4500,4500,4447.5,4625,4499.5,4400,4650,4600,4500,4200,3999.5,4475,4675,5000,5150,5150,5000,4450,4897.5,4825,5047.5,5195,5200,5250,4825,4950,5000
"West Hollywood","CA","Los Angeles-Long Beach-Anaheim","Los Angeles",254,,,,,,,,,,,,,,,,,,,,,,,,,,,,,,,,,,,,,,,,,,,,,,3400,3275,3225,3497.5,3495,3400,3147,3297.5,3500,3200,3200,3495,3500,3750,3500,3500,3750,3795,3900,3800,3900,3800,3950,3797.5,3500,3450,3650,3997.5,4000,3900,3950,3800
"Aventura","FL","Miami-Fort Lauderdale","Miami-Dade",255,,,,,,,,,2000,1900,1800,1700,1750,1725,1750,1800,1800,1800,1850,1850,1900,1900,1900,1900,1900,1900,1950,2000,2000,1950,2000,2000,2000,1999,1999,2000,2100,2000,2000,2100,2150,2250,2100,2000,2000,2000,2000,2100,2200,2150,2197,2200,2300,2300,2300,2300,2300,2300,2300,2300,2300,2300,2300,2400,2400,2500,2500,2500,2500,2352.5,2300,2400,2500,2500,2425,2400,2400
"Lake Mary","FL","Orlando","Seminole",256,,,,,,,,,,,,,,,,,,975,895,862.5,895,890,890,875,895,895,875,895,935,899.5,895,975,900,900,900,897,850,875,900,912.5,900,975,950,947.5,907.5,895,950,950,950,975,975,1030,1100,1027.5,1015,995,950,995,1095,1100,1000,985,1000,1012.5,1050,1125,1150,1030,1150,1100,1200,1100,1185,1150,1112.5,1185,1197.5
"North Miami Beach","FL","Miami-Fort Lauderdale","Miami-Dade",257,,,,,,,,,,,,,,,,,,,,,,,,,,,,,,,,,,,,,,,,,,,1170,1200,1200,1175,1200,1200,1200,1200,1200,1200,1299,1300,1300,1300,1300,1325,1275,1250,1350,1400,1389.5,1387,1400,1450,1450,1450,1400,1400,1375,1450,1500,1495,1500,1500,1450
"Dania Beach","FL","Miami-Fort Lauderdale","Broward",258,,,,,,,,,,,,,1200,1200,1400,1350,1300,1370,1350,1350,1350,1300,1400,1350,1273.5,1200,1200,1200,1135,1200,1350,1300,1250,1400,1375,1400,1350,1400,1400,1400,1300,1300,1250,1395,1425,1450,1450,1375,1450,1400,1400,1400,1400,1425,1325,1450,1400,1325,1450,1495,1475,1400,1450,1450,1450,1400,1450,1450,1450,1450,1500,1500,1550,1450,1500,1550,1500
"Riviera Beach","FL","Miami-Fort Lauderdale","Palm Beach",259,,,,,,,,,,,,,,,,,,,,,,,,,,,,,,,,,,,,,,,,,,,,,,,,2200,1937.5,1925,1812.5,1887.5,1800,2000,2350,2500,2500,2250,2100,2300,2350,2450,2325,2500,2350,2500,2500,2500,2800,2800,2800,2800,2500,2400,2500,2450,2350
"Royal Palm Beach","FL","Miami-Fort Lauderdale","Palm Beach",260,,,,,,,,,,,,,,,,1187.5,1200,1150,1100,1100,1055,1150,1070,1050,1175,1175,1185,1150,1150,1200,1262.5,1250,1200,1200,1200,1200,1200,1175,1200,1200,1237.5,1250,1262.5,1300,1300,1300,1350,1300,1325,1300,1300,1300,1300,1300,1300,1300,1300,1350,1350,1340,1300,1300,1350,1400,1350,1350,1400,1387.5,1400,1400,1400,1400,1350,1387.5,1400,1350,1437.5
"Long Beach","NY","New York","Nassau",261,,,,,,,,,,,,,,,,,,,,,,,,,,,,,3200,2700,2425,2250,2300,2325,2200,2375,2200,2150,2300,2300,2500,2150,2000,2100,2100,2175,2162.5,2150,2200,2200,2435,2500,2500,2687.5,2400,2200,2237.5,2200,2200,2200,2350,2725,2750,2625,2650,2350,2500,2500,2500,2500,2500,2400,2300,2400,2500,2600,2500
"Watertown","MA","Boston","Middlesex",262,,,,,,,,,,,,,,,,,,,,,,,,,,1950,2225,2200,2250,2200,2100,1950,2000,1900,1900,2000,2100,2100,2200,2200,2287.5,2200,2100,1900,2200,2200,2150,2150,2200,2150,2200,2200,2250,2275,2200,2100,2000,2200,2200,2200,2250,2285,2287.5,2250,2285,2300,2262.5,2250,2200,2250,2250,2250,2200,2250,2200,2300,2250
"Atlantic City","NJ","Atlantic City","Atlantic",263,,,,,,,,,,,,,,,,,,,,,,,,,,,,,,,,,,,,,,,,,,,,,,,,,,,,,,1195,1100,1100,1000,1100,1100,1172.5,1200,1200,1250,1350,1300,1350,1316.5,1350,1200,1200,1200,1250,1200,1200,1250,1200,1200
"Dana Point","CA","Los Angeles-Long Beach-Anaheim","Orange",264,,,,,,,,,,,,,2600,2500,2150,2000,2150,2295,2400,2437.5,2350,2200,2425,2272.5,2272.5,2225,2450,2400,2400,2400,2400,2397.5,2450,2500,2400,2485,2497.5,2450,2450,2497.5,2450,2600,2395,2500,2500,2500,2500,2500,2492.5,2397.5,2400,2675,2600,2600,2685,2800,2900,2800,2850,2800,2725,2797.5,2900,2800,2900,3000,2995,2800,2850,2995,2850,3000,2850,3000,3000,2750,2850
"Greenacres","FL","Miami-Fort Lauderdale","Palm Beach",265,,,,,,,,,,,,,925,925,950,937.5,925,950,912.5,925,950,1025,950,900,900,950,1000,980,1000,971,971,992.5,980,975,975,980,1000,985,985,1000,1000,1050,1000,1100,1050,1100,1125,1200,1150,1150,1150,1150,1137.5,1200,1150,1100,1075,1100,1150,1200,1200,1200,1175,1100,1150,1200,1200,1200,1200,1200,1200,1200,1200,1200,1200,1250,1200
"The Crossings","FL","Miami-Fort Lauderdale","Miami-Dade",266,,,,,,,,,,,,1300,1275,1275,1300,1300,1350,1300,1375,1350,1350,1350,1350,1350,1300,1350,1350,1362.5,1400,1395,1450,1425,1425,1400,1395,1400,1400,1400,1400,1400,1400,1400,1430,1400,1400,1450,1450,1500,1450,1450,1450,1500,1450,1500,1500,1500,1500,1500,1500,1500,1500,1500,1500,1550,1550,1550,1550,1575,1550,1575,1575,1600,1600,1600,1650,1600,1600
"Lisle","IL","Chicago","Du Page",267,,,,,,,,,,,,,,,,,,,,,,,,,,,,,,,,,,,,,,,,,,,,,,,,1025,1125,1115,1100,1100,1085,1100,1084,1137.5,1195,1112.5,1100,1200,1137.5,1200,1100,1100,1150,1199,1215,1250,1200,1200,1200,1200,1200,1200,1197.5,1125,1125
"Montgomery Village","MD","Washington","Montgomery",268,,,,,,,,,,,,,,,,,,,,,,1500,1400,1485,1500,1549,1590,1600,1485,1485,1550,1550,1512.5,1512.5,1500,1425,1500,1545,1512.5,1550,1550,1575,1597,1600,1600,1530,1545,1500,1500,1525,1549,1577.5,1600,1600,1557.5,1500,1550,1550,1550,1550,1575,1550,1550,1550,1550,1550,1595,1600,1600,1590,1600,1600,1650,1615,1600,1597.5,1630
"Ives Estates","FL","Miami-Fort Lauderdale","Miami-Dade",269,,,,,,,,,,,,,1200,1200,1200,1200,1200,1200,1200,1200,1217.5,1200,1200,1175,1200,1200,1200,1200,1200,1242.5,1200,1200,1200,1200,1250,1250,1250,1275,1250,1350,1375,1375,1300,1350,1300,1262.5,1300,1387.5,1375,1325,1312.5,1360,1350,1372.5,1375,1400,1362.5,1400,1425,1500,1500,1500,1599,1525,1550,1490,1550,1500,1500,1499,1450,1450,1500,1487.5,1450,1500,1600
"Sunny Isles Beach","FL","Miami-Fort Lauderdale","Miami-Dade",270,,,,,,,,3500,3500,3500,3500,2875,2500,2575,2500,2700,2700,2700,2682.5,2600,2750,2900,2850,2600,2800,2990,2950,3000,3000,3000,3200,3300,3300,3370,3500,3400,3300,3200,3200,3350,3500,3500,3450,3500,3500,3500,3200,3500,3500,3500,3500,3500,3500,3387.5,3500,3500,3500,3900,3900,3775,4000,3900,3850,3500,3500,3900,3900,3800,3900,4000,3888,3700,3800,3700,3700,3500,3999
"Enterprise","AL","Enterprise","Coffee",271,,,,,,,,,,,,,,,,,,,,,,,,,,,,,,,,,,,,,,,,,,,,,,,,800,800,800,800,795,797.5,795,800,787.5,800,800,800,800,800,800,800,800,800,800,800,800,800,800,800,800,800,800,800,795,800
"New Smyrna Beach","FL","Daytona Beach","Volusia",272,,,,,,,,,,,,,,,,,,,,,,,,,,,,,,,,,,,,,,,,,,,,,,,,,,,,,,,,,,,,,,,,2695,2695,2695,2695,2695,2695,2695,2695,2695,2695,2695,2695,2695,2695
"Laguna Woods","CA","Los Angeles-Long Beach-Anaheim","Orange",273,,,,,,,,,,,1500,1500,1500,1475,1495,1400,1400,1400,1400,1400,1400,1400,1475,1450,1425,1450,1412.5,1450,1462.5,1450,1500,1500,1500,1500,1600,1550,1500,1495,1500,1500,1495,1500,1501,1600,1600,1572.5,1612.5,1550,1562.5,1550,1551,1662.5,1600,1600,1600,1600,1700,1600,1625,1625,1700,1750,1700,1700,1700,1800,1800,1800,1760,1750,1800,1700,1750,1750,1800,1750,1800
"Glenvar Heights","FL","Miami-Fort Lauderdale","Miami-Dade",274,,,,,,,,,,,,1200,1250,1250,1300,1250,1300,1300,1300,1300,1325,1300,1300,1300,1225,1250,1260,1300,1300,1325,1400,1300,1325,1325,1313.5,1250,1300,1300,1300,1300,1300,1325,1400,1475,1400,1400,1400,1300,1250,1250,1275,1300,1350,1450,1375,1350,1350,1400,1400,1500,1400,1400,1450,1500,1500,1550,1537.5,1500,1500,1500,1550,1400,1412.5,1450,1475,1425,1550
"Malibu","CA","Los Angeles-Long Beach-Anaheim","Los Angeles",275,,,,,,,,,,,,,,,,,,4595,5000,5050,4800,4500,4200,3975,4500,4500,4500,4500,4375,4450,4500,4780,4995,4300,4500,4000,4150,4429,4625,4750,4750,4750,4750,4227.5,4750,4980,5000,5000,4948,4550,5000,4900,4875,5062.5,5500,5275,5150,5500,5300,4950,4875,5405,5500,5000,5055,5700,5897.5,5350,5500,5200,5000,5500,5995,5995,5625,5872.5,4875
"Key Biscayne","FL","Miami-Fort Lauderdale","Miami-Dade",276,3747.5,3500,3500,3500,3500,3950,3500,3300,3200,3050,3175,3300,3200,3200,3100,3200,3500,3500,3350,3500,3500,3500,3500,3400,3500,3590,3500,3570,4000,4200,4000,4000,3900,3900,4000,4000,4000,4100,4050,4000,4000,4150,4000,4200,4000,4000,3925,4000,4000,4000,4000,4000,4000,4125,4000,4000,4500,4550,4600,4900,5000,5500,4995,5000,5375,4925,4975,4925,5000,5000,5000,4600,4500,4800,4475,4250,4600
"Wilton Manors","FL","Miami-Fort Lauderdale","Broward",277,,,,,,,,,,,,,1100,1075,1075,1224.5,1300,1345,1175,1150,1250,1345,1335,1200,1200,1287.5,1230,1175,1195,1197.5,1250,1150,1100,1100,1150,1162.5,1150,1225,1150,1200,1200,1200,1200,1195,1197.5,1150,1140,1100,1100,1125,1150,1200,1172.5,1100,1100,1200,1290,1290,1300,1250,1250,1295,1295,1300,1295,1300,1315,1287.5,1200,1297.5,1330,1340,1300,1300,1100,1267.5,1275
"Guttenberg","NJ","New York","Hudson",278,,,,,,,,,,,,,,,,,,,,,,,,,,,,,,,,,,,,,,,,,,,,,,,,,,,,,,,,,,,1875,1900,1950,1950,1950,2050,2075,2100,2100,2125,2075,1850,1850,1850,1900,2000,1900,2000,1998
"Cocoa Beach","FL","Melbourne","Brevard",279,,,,,,,,,,,,,,,,,,,,,,,,,,,,,,,,,,,,,,,,,,,,,,,,,,,,,,,,,,,,,,,,1800,1775,1750,1700,1750,1800,1750,1750,1850,1900,1700,1822.5,1547.5,1350
"North Bay Village","FL","Miami-Fort Lauderdale","Miami-Dade",280,,,,,,,,,1500,1400,1400,1350,1400,1412.5,1465,1490,1550,1662.5,1700,1675,1650,1590,1500,1500,1500,1600,1675,1650,1700,1599,1675,1700,1700,1700,1670,1750,1900,1900,1850,1900,1900,2000,1900,1800,1762.5,1762.5,1794.5,1750,1850,1862.5,1850,1875,2000,2000,2050,2100,2200,2162.5,1935,2100,2100,2100,2000,2200,2262.5,2300,2300,2200,2200,2150,2100,2150,2200,2200,2200,2000,2048
"Lauderdale-by-the-Sea","FL","Miami-Fort Lauderdale","Broward",281,,,,,,,,,,,,,,,,,,,,,,,,,,,,,,,,2500,2500,2500,2500,2500,2500,2300,2175,2000,1900,1812.5,2000,2200,2300,2200,2200,1912.5,1897.5,1897.5,1800,1850,1975,2000,2200,2175,2400,2225,2200,2000,2300,2150,2075,2075,2200,2150,2250,2325,2400,2400,2250,2300,2300,2000,2000,2200,2075
"Siesta Key","FL","North Port-Sarasota-Bradenton","Sarasota",282,,,,,,,,,,,,,,,,,,,,,,,,,,,,,,,,,,,,,,,,,,,,,,,,,,,,,,,,,,,,,,,,,3300,3200,3400,3400,3600,3600,4000,4000,4000,4000,4000,4000,4000
"Century Village","FL","Miami-Fort Lauderdale","Palm Beach",283,,,,,,,,,,,,,,,,,,,,,,,,,,,,,,,,,,,,,,,,,,,,,,,,,,,,,,,,,,750,750,750,750,750,750,750,750,750,800,800,800,800,850,850,850,800,837.5,837.5,800
"Surfside","FL","Miami-Fort Lauderdale","Miami-Dade",284,,,,,,,,,,,,,,,,,,,,,,2497.5,2400,2500,2400,2300,2250,2250,2412.5,2500,2275,2400,2450,2500,2550,2600,2600,2600,2400,2400,2500,2575,2600,2500,2525,2550,2500,2500,2500,2300,2300,2375,2400,2425,2500,2400,2500,2650,2800,2800,2750,2750,2750,2750,2850,3095,2900,2650,2600,2600,2600,3000,2850,2600,2695,2600,2600
"Bay Harbor Islands","FL","Miami-Fort Lauderdale","Miami-Dade",285,,,,,,,,,,,,1250,1250,1300,1300,1350,1350,1500,1475,1500,1450,1400,1500,1400,1550,1600,1600,1500,1600,1600,1600,1575,1600,1650,1600,1495,1500,1550,1550,1650,1690,1600,1550,1637.5,1665,1650,1697.5,1700,1700,1697,1625,1700,1750,1750,1700,1795,1797.5,1825,1725,1950,1950,2000,1900,1950,2000,1900,1900,1900,1900,1900,1900,1900,1975,2000,1800,1800,1850
"Highland Beach","FL","Miami-Fort Lauderdale","Palm Beach",286,,,,,,,,,,,,,,,,,,,,,,,,,,,,,,,,,,,,,,,,,,,,,,,,,,,,,,,,,,,,,,,,,,4500,4500,4500,4500,4200,4200,4000,3700,3500,3250,3700,4100
"Bal Harbour","FL","Miami-Fort Lauderdale","Miami-Dade",287,,,,,,,,,,,,,,,,,,,,,,,,,,,,,,,,,,,,,,,,,,,,,,,,,,,,,,,,,,,,,,,,,4000,3900,4000,3775,3800,3750,3700,4000,3900,4000,4000,4300,4000
